street_code,name_es,name_eu,lon,lat,units,vut,hut,beds
5060,"Zabaleta, Calle de",Zabaleta Kalea,-1.974356,43.324396,35,34,1,155
4870,"Urbieta, Calle de",Urbieta Kalea,-1.982147,43.31607,34,32,2,169
1390,"Easo, Calle de",Easo Kalea,-1.982863,43.315464,33,32,1,130
4270,"San Marcial, Calle de",San Martzial Kalea,-1.981142,43.319123,31,28,3,124
4130,"San Bartolomé, Calle de",San Bartolome Kalea,-1.984688,43.315745,26,25,1,96
3890,"Prim, Calle de",Prim Kalea,-1.979916,43.316375,24,20,4,113
4300,"San Martín, Calle de",San Martin Kalea,-1.981796,43.317591,24,23,1,95
470,"Arrasate, Calle de",Arrasate Kalea,-1.981496,43.318306,24,23,1,83
4920,"Usandizaga, Calle de",Usandizaga Kalea,-1.976882,43.323834,24,22,2,98
3140,"Miracruz, Calle de",Mirakruz Kalea,-1.975087,43.321892,21,21,0,78
4160,"San Francisco, Calle de",San Frantzisko Kalea,-1.97368,43.323976,21,19,2,82
5180,"Zubieta, Calle de",Zubieta Kalea,-1.986348,43.316537,21,20,1,108
3130,"Miraconcha, Paseo de",Mirakontxa Pasealekua,-1.993451,43.314274,20,19,1,105
1960,"Gran Via, Calle",Galtzada Nagusia,-1.973558,43.323995,19,18,1,90
1150,"Colón, Paseo de",Colón Pasealekua,-1.975498,43.324034,18,17,1,67
1380,"Duque de Mandas, Paseo del",Mandasko Dukearen Pasealekua,-1.974842,43.318475,18,17,1,70
3740,"Peña y Goñi, Calle de",Peña Y Goñi Kalea,-1.97787,43.323578,17,16,1,72
2550,"Larramendi, Calle de",Larramendi Kalea,-1.981423,43.315307,16,15,1,66
810,"Boulevard, Alameda del",Boulevard Zumardia,-1.983937,43.322272,16,14,2,60
1440,"Egia, Calle de",Egia Kalea,-1.97192,43.315827,15,13,2,48
2475,"Lizarra / Estella, Calle de",Lizarra Kalea,-1.98493,43.314432,15,15,0,42
4460,"Segundo Ispizua, Calle de",Segundo Ispizua Kalea,-1.971403,43.324998,15,15,0,62
1670,"Euskal Herria, Calle de",Euskal Herria Kalea,-1.982494,43.324082,14,13,1,53
2410,"José Miguel Barandiaran, Paseo de",José Migel Barandiaran Pasealekua,-1.971137,43.327662,14,14,0,44
2990,"Matía, Calle de",Matia Kalea,-2.002539,43.313652,14,14,0,54
3230,"Moraza, Calle de",Moraza Kalea,-1.98113,43.314439,14,14,0,47
4360,"Sancho el Sabio, Avenida de",Antso Jakitunaren Hiribidea,-1.979982,43.309636,14,12,2,61
4450,"Secundino Esnaola, Calle de",Secundino Esnaola Kalea,-1.972673,43.323838,14,14,0,54
740,"Bermingham, Calle de",Bermingham Kalea,-1.972477,43.324514,14,12,2,58
1280,"Txurruka, Calle de",Txurruka Kalea,-1.98219,43.320403,13,13,0,51
140,"Aldamar, Calle de",Aldamar Kalea,-1.982448,43.323594,13,11,2,53
1730,"Fermin Calbeton, Calle de",Fermín Calbetón Kalea,-1.985637,43.322976,13,8,5,39
2660,"Libertad, Avenida de la",Askatasunaren Hiribidea,-1.981686,43.319684,13,13,0,49
2890,"Marina, Calle de la",Marina Kalea,-1.986206,43.315957,13,12,1,47
3000,"Mayor, Calle",Kale Nagusia,-1.986171,43.323159,12,12,0,61
4100,"Fuente de la Salud, Calle de la",Osasuniturri Kalea,-1.982749,43.313559,12,12,0,36
4690,"Treinta y Uno de Agosto, Calle del",Abuztuaren 31 Kalea,-1.985601,43.324113,12,10,2,51
5230,"Zurriola, Avenida de",Zurriola Hiribidea,-1.976124,43.324971,12,12,0,63
2030,"Hernani, Calle de",Hernani Kalea,-1.984136,43.320341,11,11,0,61
2270,"Isabel II, Avenida de",Isabel Ii.Aren Hiribidea,-1.976993,43.303938,11,8,3,40
3320,"Navarra, Avenida de",Nafarroa Hiribidea,-1.96877,43.324301,11,10,1,52
4220,"San Jeronimo, Calle de",San Jeronimo Kalea,-1.985433,43.323305,11,8,3,45
5100,"Zarautz, Calle de",Zarautz Kalea,-2.004969,43.306927,11,11,0,39
1770,"Hondarribia, Calle de",Hondarribia Kalea,-1.981114,43.317371,10,9,1,45
1900,"General Etxague, Calle del",Etxague Jeneralaren Kalea,-1.982169,43.323557,10,10,0,36
2020,"Heriz, Paseo de",Heriz Pasealekua,-2.001538,43.310815,10,9,1,38
1720,"Felipe Iv, Avenida de",Felipe Iv.Aren Hiribidea,-1.975943,43.305847,9,9,0,26
1910,"General Jauregi, Calle del",Jauregi Jeneralaren Kalea,-1.982894,43.324601,9,9,0,43
1970,"Getaria, Calle de",Getaria Kalea,-1.980798,43.31841,9,9,0,45
280,"Amara, Calle de",Amara Kalea,-1.984141,43.313794,9,9,0,32
1260,"Loiola, Calle de",Loiola Kalea,-1.982748,43.318385,8,8,0,22
1930,"Gloria, Calle de la",Gloria Kalea,-1.972709,43.322425,8,8,0,28
3510,"Okendo, Calle de",Okendo Kalea,-1.981056,43.321609,8,8,0,39
3580,"Padre Larroca, Calle del",Aita Larroca Kalea,-1.974062,43.322804,8,6,2,34
3960,"Renteria, Calle de",Errenteria Kalea,-1.968309,43.322654,8,7,1,28
4230,"San Juan, Calle de",San Joan Kalea,-1.983603,43.324205,8,4,4,25
4730,"Trueba, Calle de",Trueba Kalea,-1.974955,43.322885,8,8,0,31
2220,"Iparragirre, Calle de",Iparragirre Kalea,-1.975594,43.322425,7,7,0,32
2390,"Jose Maria Soroa, Calle de",Jose Maria Soroa Kalea,-1.9701,43.32299,7,6,1,30
2800,"Madrid, Avenida de",Madril Hiribidea,-1.975838,43.303606,7,7,0,28
30,"Agirre Miramon, Calle de",Agirre Miramon Kalea,-1.978159,43.322514,7,5,2,26
4960,"Bergara, Calle de",Bergara Kalea,-1.980459,43.319351,7,7,0,27
5210,"Zumalakarregi, Avenida de",Zumalakarregi Hiribidea,-2.003178,43.314293,7,7,0,40
580,"Autonomia, Calle de la",Autonomia Kalea,-1.982164,43.311817,7,6,1,25
650,"Balleneros, Calle de los",Baleazaleen Kalea,-1.974598,43.305458,7,6,1,25
830,"Buen Pastor, Plaza del",Artzain Onaren Plaza,-1.982051,43.317241,7,6,1,33
100,"Alcalde Jose Elosegi, Avenida del",Jose Elosegi Alkatearen Hiribidea,-1.943492,43.321367,6,3,3,25
1050,"Catalina de Erauso, Calle de",Katalina Erauso Kalea,-1.981689,43.304669,6,5,1,27
1515,"Barcelona, Avenida de",Barcelona Hiribidea,-1.971907,43.310708,6,6,0,29
1680,"Eustasio Amilibia, Calle de",Eustasio Amilibia Kalea,-1.977409,43.305739,6,6,0,22
1710,"Fe, Paseo de la",La Fe Pasealekua,-1.991283,43.313452,6,5,1,30
2380,"Jose Maria Salaberria, Calle de",Jose Maria Salaberria Kalea,-1.98075,43.305814,6,5,1,24
2640,"Legazpi, Calle de",Legazpi Kalea,-1.98244,43.322179,6,5,1,19
4090,"Salamanca, Paseo de",Salamanca Pasealekua,-1.981969,43.324799,6,5,1,26
4140,"San Blas, Calle de",San Blas Kalea,-1.970226,43.327566,6,6,0,17
4310,"San Roque, Calle de",San Roke Kalea,-1.985449,43.312096,6,5,1,24
4880,"Urdaneta, Calle de",Urdaneta Kalea,-1.981599,43.316187,6,6,0,19
5000,"Virgen del Carmen, Calle de la",Karmengo Andre Mariaren Kalea,-1.970057,43.317372,6,6,0,22
730,"Berabera, Paseo de",Berabera Pasealekua,-1.994293,43.303146,6,4,2,30
990,"Carlos I, Avenida de",Carlos I.Aren Hiribidea,-1.979009,43.304691,6,6,0,28
1080,"Zemoriya, Calle de",Zemoria Kalea,-1.969981,43.326655,5,5,0,13
1570,"Errondo, Paseo de",Errondo Pasealekua,-1.98056,43.305219,5,4,1,26
1700,"Faro, Paseo del",Itsasargi Pasealekua,-2.007788,43.320712,5,2,3,24
2200,"Infante Don Juan, Calle del",Juan Infantearen Kalea,-2.004609,43.315423,5,5,0,35
2540,"Lapurdi, Plaza de",Lapurdi Plaza,-1.973755,43.325659,5,5,0,12
310,"Amezti, Calle de",Amezti Kalea,-2.026652,43.315876,5,5,0,36
3680,"Pedro Egaña, Calle de",Pedro Egaña Kalea,-1.98118,43.313461,5,5,0,22
3980,"Reyes Catolicos, Calle de los",Errege-Erregina Katolikoen Kalea,-1.980929,43.315791,5,5,0,23
4020,"Ronda, Calle de",Erronda Kalea,-1.976673,43.322168,5,2,3,20
4610,"Tolosa, Avenida de",Tolosa Hiribidea,-2.005192,43.305302,5,4,1,26
490,"Arriola, Paseo de",Arriola Pasealekua,-2.015066,43.311709,5,4,1,27
7430,"Pamplona, Calle de",Iruñea Kalea,-2.005726,43.314771,5,5,0,27
890,"Camino, Calle de",Camino Kalea,-1.98127,43.320991,5,4,1,24
130,"Aldakoenea, Calle de",Aldakoenea Kalea,-1.968709,43.319702,4,4,0,12
1400,"Easo, Plaza de",Easo Plaza,-1.982174,43.313826,4,4,0,21
1410,"Etxaide, Calle de",Etxaide Kalea,-1.979934,43.320008,4,4,0,14
1480,"Elkano, Calle de",Elkano Kalea,-1.983298,43.321972,4,3,1,21
1525,"Ribera de Loiola, Paseo de la",Loiolako Erribera Pasealekua,-1.972801,43.311586,4,3,1,14
1600,"Escolta Real, Calle de la",Erregezaintza Kalea,-2.000689,43.311954,4,4,0,14
1760,"Francia, Paseo de",Frantzia Pasealekua,-1.976915,43.318873,4,4,0,14
1840,"Garibai, Calle de",Garibai Kalea,-1.983532,43.320841,4,4,0,11
2090,"Idiakez, Calle de",Idiakez Kalea,-1.981357,43.320606,4,4,0,15
2450,"Juan de Garai, Calle de",Juan Garai Kalea,-2.00406,43.313457,4,4,0,14
2840,"Manterola, Calle de",Manterola Kalea,-1.984752,43.31674,4,4,0,19
2860,"Mari , Calle de",Mari Kalea,-1.987287,43.323202,4,4,0,12
2900,"Marino Tabuyo, Calle de",Marino Tabuyo Kalea,-1.969072,43.323016,4,4,0,14
3120,"Mikeletes, Paseo de los",Mikelete Pasealekua,-2.000394,43.31257,4,4,0,21
3350,"Nuestra Señora de Aranzazu, Grupo",Arantzazuko Andre Mariaren Auzunea,-2.001201,43.313438,4,4,0,18
3750,"Peñaflorida, Calle de",Peñaflorida Kalea,-1.983817,43.321042,4,4,0,11
3870,"Portuenea, Calle de",Portuenea Kalea,-1.99699,43.309626,4,4,0,18
3920,"Ramón María Lili, Paseo de",Ramón María Lili Pasealekua,-1.978666,43.32287,4,4,0,17
4000,"Río Deba, Calle del",Deba Ibaiaren Kalea,-1.969511,43.316396,4,3,1,11
4080,"Sagrada Familia, Calle de la",Familia Santuaren Kalea,-1.980791,43.308321,4,4,0,13
4110,"San Antonio, Calle de",San Antonio Kalea,-1.942426,43.319618,4,4,0,15
4350,"Sánchez Toca, Calle de",Sánchez Toca Kalea,-1.981252,43.315818,4,4,0,17
50,"Aintzieta, Paseo de",Aintzieta Pasealekua,-1.963886,43.305485,4,4,0,15
520,"Arroka, Calle de",Arroka Kalea,-1.983072,43.314251,4,4,0,15
60,"Aizkorri, Calle del",Aizkorri Kalea,-2.004356,43.309716,4,4,0,16
640,"Azpeitia, Calle de",Azpeitia Kalea,-1.980314,43.309845,4,4,0,12
720,"Bengoetxea, Calle de",Bengoetxea Kalea,-1.981819,43.321795,4,4,0,12
7440,"Ondarreta, Paseo de",Ondarreta Pasealekua,-2.009936,43.312958,4,4,0,21
7670,"Castilla, Calle de",Gaztela Kalea,-1.956265,43.312578,4,3,1,17
1100,"Centenario, Plaza del",Mendeurrenaren Plaza,-1.980361,43.312859,3,3,0,10
1200,"Constitucion, Plaza de la",Konstituzio Plaza,-1.985071,43.323626,3,3,0,8
1270,"Txofre, Calle del",Txofre Kalea,-1.971517,43.323393,3,2,1,13
1320,"Doctor Begiristain, Paseo del",Begiristain Doktorearen Pasealekua,-1.972653,43.29398,3,1,2,17
150,"Aldapa, Calle de",Aldapa Kalea,-1.969129,43.315648,3,0,3,19
170,"Aldapeta, Calzada de",Aldapeta Galtzada,-1.988255,43.313772,3,1,2,8
1920,"General Lertsundi, Calle del",Lertsundi Jeneralaren Kalea,-1.98688,43.315472,3,2,1,11
1980,"Gipuzkoa, Plaza de",Gipuzkoa Plaza,-1.982391,43.321212,3,3,0,20
2115,"Manuel Vázquez Montalbán, Calle de",Manuel Vázquez Montalbán Kalea,-2.002766,43.307531,3,3,0,12
2180,"Infanta Cristina, Calle de la",Cristina Infantaren Kalea,-2.004276,43.314577,3,3,0,16
2320,"Iztueta, Calle de",Iztueta Kalea,-1.975551,43.32098,3,2,1,14
2340,"Javier Barkaiztegi, Calle de",Javier Barkaiztegi Kalea,-1.981884,43.305726,3,2,1,7
2355,"Elisabete Maiztegi, Calle de",Elisabete Maiztegi Kalea,-1.972161,43.294475,3,3,0,19
2360,"Jose Arana, Calle de",Jose Arana Kalea,-1.970004,43.323648,3,2,1,11
2810,"Maestro Arbós, Paseo del",Arbós Musikariaren Pasealekua,-1.965463,43.320406,3,1,2,23
300,"Amezketa, Calle de los",Amezketarren Kalea,-1.980574,43.3037,3,3,0,12
3090,"Miguel Imaz, Calle de",Miguel Imaz Kalea,-1.976683,43.324125,3,3,0,15
3110,"Bordatxipi, Paseo de",Bordatxipi Pasealekua,-1.960112,43.322851,3,3,0,18
330,"Andia, Calle de",Andia Kalea,-1.983652,43.3201,3,3,0,11
3770,"Pescadería, Calle de la",Arrandegi Kalea,-1.984012,43.323704,3,3,0,12
3830,"Pio Baroja, Paseo de",Pio Baroja Pasealekua,-1.99487,43.310369,3,2,1,13
3900,"Puerto, Calle del",Portu Kalea,-1.986332,43.323339,3,3,0,16
3910,"Ramón y Cajal, Calle de",Ramón Y Cajal Kalea,-1.975967,43.324735,3,3,0,11
4580,"Tejeria, Calle de la",Tejeria Kalea,-1.972347,43.317128,3,3,0,10
4630,"Tomás Gros, Calle de",Tomas Gros Kalea,-1.976483,43.321444,3,2,1,16
4720,"Triunfo, Calle del",Triunfo Kalea,-1.985322,43.316326,3,3,0,13
4830,"Ulia, Paseo de",Ulia Pasealekua,-1.95986,43.326971,3,1,2,11
5010,"Virgen del Coro, Calle de la",Koruko Ama Birjinaren Kalea,-1.986908,43.323687,3,2,1,9
5080,"Zaragoza, Plaza de",Zaragoza Plaza,-1.985385,43.317079,3,3,0,19
5090,"Zarategi, Paseo de",Zarategi Pasealekua,-1.95641,43.317631,3,3,0,15
570,"Ategorrieta, Avenida de",Ategorrieta Hiribidea,-1.96581,43.322017,3,3,0,15
6680,"Nafarroa Beherea, Plaza de",Nafarroa Beherea Plaza,-1.972296,43.323879,3,3,0,14
6690,"Parque, Calle del",Parke Kalea,-1.980469,43.31134,3,1,2,0
7420,"Donibane Garazi, Calle de",Donibane Garazi Kalea,-2.008021,43.312891,3,3,0,15
8290,"Manuel Lekuona, Calle de",Manuel Lekuona Kalea,-2.008595,43.310025,3,3,0,13
8410,"Urnieta, Calle de",Urnieta Kalea,-2.01459,43.310123,3,1,2,12
980,"Campanario, Calle del",Kanpandegi Kalea,-1.986927,43.323331,3,2,1,13
1000,"Karkizano, Calle de",Karkizano Kalea,-1.973243,43.322751,2,2,0,6
1330,"Doctor Claudio Delgado, Calle del",Claudio Delgado Doktorearen Kalea,-1.970703,43.324141,2,2,0,6
1555,"Humboldt, Calle de",Humboldt Kalea,-1.972142,43.31007,2,2,0,6
1645,"Gabriel María Lafitte, Plaza de",Gabriel María Lafitte Plaza,-1.972903,43.312275,2,2,0,4
1725,"César Chicote, Calle de",César Chicote Kalea,-1.977074,43.291918,2,1,1,11
1890,"General Artetxe, Calle del",Artetxe Jeneralaren  Kalea,-1.97289,43.324254,2,2,0,8
190,"Alfonso VIII, Calle de",Alfontso Viii.Aren  Kalea,-1.980783,43.317198,2,1,1,8
2160,"Intxaurrondo, Calle de",Intxaurrondo Kalea,-1.954124,43.321008,2,1,1,6
2430,"Juan de Bilbao, Calle de",Joan De Bilbao Kalea,-1.984992,43.324011,2,2,0,16
2480,"Julio Urkixo, Paseo de",Julio Urkixo Pasealekua,-1.941472,43.323449,2,2,0,8
2760,"Luises, Calle de los",Luistarren Kalea,-1.955207,43.31944,2,2,0,8
2770,"Luises Obreros, Plaza de los",Luistar Langileen Plaza,-1.976015,43.323452,2,2,0,7
2785,"Felisa Martín Bravo, Avenida de",Felisa Martin Bravo Hiribidea,-1.961562,43.304876,2,1,1,10
2820,"Maestro Guridi, Calle del",Guridi Musikariaren Kalea,-2.004687,43.312881,2,2,0,8
290,"Ametzagaña, Calle de",Ametzagaña Kalea,-1.968702,43.317168,2,1,1,6
3250,"Muelle, Paseo del",Kaiko Pasealekua,-1.990719,43.322876,2,2,0,9
3550,"Oiartzun, Calle de",Oiartzun Kalea,-1.968123,43.322758,2,2,0,7
3610,"Palacio, Calle del",Jauregi Kalea,-1.99818,43.311329,2,2,0,13
3840,"Pío XII, Plaza de",Pio Xii.Aren Plaza,-1.979515,43.30724,2,2,0,9
3950,"Reina Regente, Calle de la",Erregina Erregeordearen Kalea,-1.981509,43.322967,2,1,1,10
4150,"San Cristobal, Calle de",San Kristobal Kalea,-1.972729,43.31671,2,2,0,9
4420,"Sarriegi, Plaza de",Sarriegi Plaza,-1.983697,43.322871,2,2,0,5
4430,"Satrustegi, Avenida de",Satrustegi Hiribidea,-2.004948,43.317481,2,2,0,10
4470,"Serapio Mujika, Paseo de",Serapio Mujika Pasealekua,-1.944884,43.322988,2,2,0,6
4480,"Serrano Anguita, Calle de",Serrano Anguita Kalea,-2.003483,43.313955,2,1,1,6
4770,"Txingurriaenea, Paseo de",Txingurriaenea Pasealekua,-1.940804,43.315456,2,2,0,6
6370,"Izaburu, Calle de",Izaburu Kalea,-1.993155,43.311331,2,0,2,4
6530,"Marbil, Camino de",Marbil Bidea,-2.008534,43.316433,2,1,1,8
7390,"Vitoria-Gasteiz, Calle de",Vitoria-Gasteiz Kalea,-2.007041,43.313004,2,2,0,7
8100,"Bentaberri, Plaza de",Bentaberri Plaza,-2.004784,43.311982,2,2,0,8
8300,"Melodi, Calle de",Melodi Kalea,-1.991584,43.307076,2,2,0,9
8370,"Resurreccion María de Azkue, Calle de",Resurreccion María De Azkue Kalea,-2.007947,43.310046,2,2,0,6
90,"Alaiondo, Grupo",Alaiondo Auzunea,-1.969617,43.319875,2,2,0,4
1130,"Claudio Antón Luzuriaga, Calle de",Claudio Anton Luzuriaga Kalea,-1.975249,43.323947,1,1,0,6
1220,"Corsarios Vascos, Calle de los",Euskal Kortsarioen Kalea,-1.973095,43.305093,1,1,0,5
1300,"Deporte, Plaza del",Kirol Plaza,-1.996557,43.302864,1,1,0,4
1340,"Doctor Marañón, Paseo del",Marañón Doktorearen Pasealekua,-1.995356,43.308024,1,1,0,6
1355,"Xabier Aizarna, Paseo de",Xabier Aizarna Pasealekua,-1.970617,43.320734,1,1,0,4
1360,"Donostiazaharra, Grupo",Donostiazaharra Auzunea,-1.996335,43.308657,1,1,0,4
1370,"Duque de Baena, Paseo del",Baenako Dukearen Pasealekua,-1.993944,43.312431,1,1,0,8
1415,"Angela Figuera, Plaza de",Angela Figuera Plaza,-2.005002,43.303833,1,1,0,4
1545,"Pablo Sarasate, Calle de",Pablo Sarasate Kalea,-1.971839,43.308893,1,1,0,4
1565,"Juan Zaragüeta, Calle de",Juan Zaragueta Kalea,-1.972158,43.311277,1,1,0,4
1590,"Eskalantegi, Calle de",Eskalantegi Kalea,-1.919349,43.318987,1,1,0,4
1625,"Santiago, Plaza de",Santiago Plaza,-1.972735,43.310662,1,1,0,4
1630,"Esterlines, Calle de los",Esterlines Kalea,-1.985009,43.322877,1,1,0,4
1735,"Antonio Valverde, Calle de",Antonio Valverde Kalea,-1.976023,43.290154,1,1,0,8
1740,"Ferrerías, Calle de las",Olaeta Kalea,-1.977562,43.302763,1,1,0,3
1780,"Fueros, Paseo de los",Foru Pasealekua,-1.978988,43.319338,1,0,1,2
1795,"Golosoalde, Calle de",Golosoalde Kalea,-2.01627,43.309039,1,0,1,4
1860,"Garro, Calle de",Garro Kalea,-1.946342,43.317576,1,1,0,2
1885,"Larrerdi, Plaza de",Larrerdi Plaza,-1.937589,43.318726,1,0,1,2
200,"Alfonso XIII, Plaza de",Alfontso Xiii.Aren Plaza,-2.000745,43.314547,1,1,0,5
2040,"Herrera, Paseo de",Herrera Pasealekua,-1.933233,43.319291,1,1,0,5
2045,"José Olaizola, Calle de",José Olaizola Kalea,-1.98818,43.309882,1,1,0,6
2050,"Hipica, Camino de la",Hipika Bidea,-1.962397,43.302677,1,1,0,4
210,Alkainbide,Alkainbide,-1.987594,43.313981,1,1,0,6
2100,"Igara, Camino de",Igara Bidea,-2.021406,43.298318,1,1,0,4
2140,"Igeldo, Paseo de",Igeldo Pasealekua,-2.01127,43.315937,1,1,0,8
2150,"Igeltegi, Calle de",Igeltegi Kalea,-1.966513,43.310561,1,1,0,4
2185,"Macondo, Calle de",Macondo Kalea,-1.945466,43.321736,1,1,0,4
220,"Alto de Amara, Calle del",Amara Gaineko Kalea,-1.983324,43.313202,1,1,0,4
2560,"Larrañategi, Camino de",Larrañategi Bidea,-1.961689,43.295873,1,1,0,8
2570,"Larratxo, Paseo de",Larratxo Pasealekua,-1.938279,43.315266,1,1,0,3
260,"Altza, Paseo de",Altza Pasealekua,-1.930604,43.315101,1,1,0,4
2600,"Lasala, Plaza de",Lasala Plaza,-1.986413,43.322446,1,1,0,5
2610,"Dunas, Calle de las",Duna Kalea,-1.976517,43.322912,1,1,0,5
2630,"Lazkano, Paseo de",Lazkano Pasealekua,-1.990095,43.309856,1,0,1,4
2670,"Lizardi, Calle de",Lizardi Kalea,-1.952412,43.319041,1,1,0,3
2745,"Andereñoak, Plaza",Andereñoen Plaza,-1.961344,43.305104,1,0,1,2
2790,"Luis Pradera, Calle de",Luis Pradera Kalea,-1.946316,43.320521,1,1,0,8
2905,"Wroclaw, Plaza",Wroclaw Plaza,-1.9594,43.303718,1,0,1,4
2950,"Martutene, Paseo de",Martutene Pasealekua,-1.953843,43.295111,1,1,0,3
3180,"Misericordia, Calle de la",Miserikordia Kalea,-1.974546,43.3219,1,1,0,3
3280,"Munibe, Calle de",Munibe Kalea,-2.002641,43.31251,1,1,0,4
3380,"Nuestra Señora del Coro, Calle de",Koruko Andre Mariaren Kalea,-1.951873,43.318343,1,1,0,4
340,"Andoain, Calle de",Andoain Kalea,-1.992374,43.299998,1,0,1,7
3420,"Nueva, Calle",Kale Berria,-1.975892,43.322528,1,1,0,5
3460,"Oleta, Calzada de",Oleta Galtzada,-1.931456,43.320729,1,1,0,3
3470,"Olmos, Paseo de los",Zumardi Pasealekua,-1.941437,43.320895,1,1,0,2
3480,"Ondarbide, Calle de",Ondarbide Kalea,-2.002821,43.31411,1,1,0,5
3520,"Okendotegi, Camino de",Okendotegi Bidea,-1.956198,43.287555,1,0,1,2
3560,"Batxillardegi, Grupo",Batxillardegi Auzunea,-1.966277,43.309311,1,1,0,3
3600,"Clara Campoamor, Plaza de",Clara Campoamor Plaza,-1.997467,43.312777,1,1,0,6
3660,"Pasajes, Calle de",Pasaia Kalea,-1.967539,43.322491,1,1,0,4
3780,"Pescadores del Gran Sol, Calle de los",Gran Soleko Arrantzaleen Kalea,-1.970552,43.306136,1,1,0,5
3810,"Pinares, Plaza de",Pinudi Plaza,-1.975123,43.32212,1,1,0,8
3860,"Podavines, Calle de los",Podavines Kalea,-1.979413,43.302718,1,1,0,2
4170,"San Francisco Javier, Calle de",San Frantzisko Xabier Kalea,-1.967676,43.319274,1,1,0,4
4240,"San Lorenzo, Calle de",San Lorenzo Kalea,-1.983908,43.323088,1,1,0,4
4520,"Sierra de Urbasa, Calle de la",Urbasa Mendilerroaren Kalea,-1.966702,43.310288,1,1,0,3
4540,"Soraluze, Calle de",Soraluze Kalea,-1.983289,43.325124,1,1,0,5
4660,"Indianoene, Calle de",Indianoene Kalea,-1.965892,43.324898,1,1,0,4
4680,"Rodil, Calle de",Rodil  Kalea,-1.965712,43.324971,1,0,1,6
4840,"Untzaenea, Calle de",Untzaenea Kalea,-1.999304,43.310378,1,1,0,3
5040,"Biteri, Plaza de",Biteri Plaza,-1.974746,43.323262,1,1,0,5
5150,"Zubiondo, Calle de",Zubiondo Kalea,-1.96643,43.310841,1,1,0,4
550,"Atarieder, Plaza",Atarieder Plaza,-1.96508,43.311308,1,1,0,3
6010,"Aizkolene, Calle de",Aizkolene Kalea,-1.979926,43.299756,1,0,1,0
6030,"Alto de Zorroaga, Calle del",Zorroaga Gaineko Kalea,-1.966625,43.298785,1,1,0,8
6040,"Altxuene, Camino de",Altxuene Bidea,-1.988262,43.312464,1,1,0,8
6080,"Añorga, Avenida de",Añorga Hiribidea,-1.99999,43.285948,1,1,0,4
6130,"Atotxarreka, Camino de",Atotxarreka Bidea,-2.005158,43.291015,1,0,1,3
6210,"Cedro, Plaza del",Zedroaren Plaza,-1.941384,43.321176,1,1,0,4
6480,"Mendigain, Calle de",Mendigain Kalea,-1.968032,43.305054,1,0,1,4
6550,"Marrutxipi, Calle de",Marrutxipi Kalea,-1.958661,43.317977,1,0,1,4
6560,"Matxiñene, Calle de",Matxiñene Kalea,-1.967507,43.311891,1,0,1,2
660,"Baratzategi, Calle de",Baratzategi Kalea,-1.952352,43.313566,1,1,0,5
6760,"Portuetxe, Calle de",Portuetxe Kalea,-2.014816,43.301617,1,1,0,0
680,"Basotxiki, Calle de",Basotxiki Kalea,-1.952641,43.316013,1,1,0,4
6800,"San Bartolome, Callejon de",San Bartolome Kalexka,-1.987731,43.314644,1,1,0,3
690,"Baztan, Calle del",Baztan Kalea,-1.969142,43.318682,1,1,0,2
6990,"Txofre, Plaza del",Txofre Plaza,-1.971007,43.323966,1,1,0,3
7020,"Agerre, Camino de",Agerre Bidea,-1.964254,43.292986,1,1,0,8
7030,"Escritora Karmele Saint-Martin, Calle de la",Karmele Saint-Martin Idazlearen Kalea,-2.015009,43.306499,1,0,1,1
7040,"Isidro Ansorena, Calle de",Isidro Ansorena Kalea,-2.015701,43.305879,1,1,0,4
7050,"Escritor Jose Artetxe, Calle del",Jose Artetxe Idazlearen Kalea,-2.015873,43.305339,1,1,0,8
710,"Belizalde, Calle de",Belizalde Kalea,-1.987529,43.311164,1,0,1,2
7120,"Marugame, Plaza de",Marugame Plaza,-2.016208,43.304881,1,1,0,5
7150,"Orixe, Paseo de",Orixe Pasealekua,-2.005589,43.301269,1,0,1,2
7160,"Xabier Lizardi, Calle de",Xabier Lizardi Kalea,-2.0051,43.301935,1,1,0,6
7190,"Balentegi, Calle de",Balentegi Kalea,-2.004822,43.3019,1,1,0,4
7520,"Trento, Calle de",Trento Kalea,-2.006287,43.314062,1,1,0,4
7530,"Logroño, Calle de",Logroño Kalea,-2.007176,43.313719,1,1,0,3
7680,"Eibar, Plaza de",Eibar Plaza,-1.972558,43.305762,1,1,0,3
7690,"Extremadura, Calle de",Extremadura Kalea,-1.95826,43.312797,1,1,0,4
7750,"José María Busca Isusi, Calle de",José María Busca Isusi Kalea,-1.956006,43.311595,1,0,1,3
7880,"Pello Mari Otaño, Calle de",Pello Mari Otaño Kalea,-1.951906,43.313375,1,1,0,3
7920,"Gregorio Ordoñez, Calle de",Gregorio Ordoñez Kalea,-1.973467,43.30588,1,1,0,2
8000,"Wiesbaden, Calle de",Wiesbaden Kalea,-2.00531,43.315641,1,1,0,8
820,"Brunet, Calle de",Brunet Kalea,-2.004094,43.315102,1,1,0,4
8250,"Carmelo Etxegarai, Calle de",Karmelo Etxegarai Kalea,-2.00623,43.31138,1,1,0,4
8470,"Pepe Artola, Calle de",Pepe Artola Kalea,-1.962174,43.315205,1,1,0,6
860,"Buztintxulo, Calle de",Buztintxulo Kalea,-1.952255,43.311891,1,0,1,6
8600,"Txalupagillene, Plaza de",Txalupagillene Plaza,-2.003434,43.312912,1,1,0,3
8650,"Kañueta, Camino de",Kañueta Bidea,-2.003379,43.293895,1,1,0,5
8660,"Lanberri, Calle de",Lanberri Kalea,-1.983997,43.30027,1,0,1,2
870,"Egia, Calzada de",Egia Galtzada,-1.970905,43.321853,1,1,0,3
8770,"Intxaurdegi, Calle de",Intxaurdegi Kalea,-1.987708,43.288289,1,1,0,8
8810,"Katalina Eleizegi, Calle de",Katalina Eleizegi Kalea,-1.987738,43.305282,1,0,1,2
8820,"Katxola, Calle de",Katxola Kalea,-1.991492,43.295579,1,0,1,4
8840,"Lugaritz, Paseo de",Lugaritz Pasealekua,-1.997477,43.304566,1,1,0,2
