id,label,theme,unit,year,value,source
fee_revenue,Tasse comunali emesse (M€),economy,M€,2011,35.0,"Donostia Open Data — tasas emitidas (ciudad, importe nominal)"
fee_revenue,Tasse comunali emesse (M€),economy,M€,2012,36.3,"Donostia Open Data — tasas emitidas (ciudad, importe nominal)"
fee_revenue,Tasse comunali emesse (M€),economy,M€,2013,36.2,"Donostia Open Data — tasas emitidas (ciudad, importe nominal)"
fee_revenue,Tasse comunali emesse (M€),economy,M€,2014,38.0,"Donostia Open Data — tasas emitidas (ciudad, importe nominal)"
fee_revenue,Tasse comunali emesse (M€),economy,M€,2015,37.4,"Donostia Open Data — tasas emitidas (ciudad, importe nominal)"
fee_revenue,Tasse comunali emesse (M€),economy,M€,2016,39.5,"Donostia Open Data — tasas emitidas (ciudad, importe nominal)"
fee_revenue,Tasse comunali emesse (M€),economy,M€,2017,41.6,"Donostia Open Data — tasas emitidas (ciudad, importe nominal)"
fee_revenue,Tasse comunali emesse (M€),economy,M€,2018,43.9,"Donostia Open Data — tasas emitidas (ciudad, importe nominal)"
fee_revenue,Tasse comunali emesse (M€),economy,M€,2019,45.6,"Donostia Open Data — tasas emitidas (ciudad, importe nominal)"
fee_revenue,Tasse comunali emesse (M€),economy,M€,2020,45.9,"Donostia Open Data — tasas emitidas (ciudad, importe nominal)"
fee_revenue,Tasse comunali emesse (M€),economy,M€,2021,48.8,"Donostia Open Data — tasas emitidas (ciudad, importe nominal)"
fee_revenue,Tasse comunali emesse (M€),economy,M€,2022,50.5,"Donostia Open Data — tasas emitidas (ciudad, importe nominal)"
fee_revenue,Tasse comunali emesse (M€),economy,M€,2023,51.0,"Donostia Open Data — tasas emitidas (ciudad, importe nominal)"
fee_revenue,Tasse comunali emesse (M€),economy,M€,2024,55.6,"Donostia Open Data — tasas emitidas (ciudad, importe nominal)"
fee_revenue,Tasse comunali emesse (M€),economy,M€,2025,62.6,"Donostia Open Data — tasas emitidas (ciudad, importe nominal)"
hospitality_establishments_share,Quota alloggio/ristorazione (% esercizi),economy,%,2008,6.02,"Eustat — Directorio de Actividades Económicas (CDIRAE), establecimientos por municipio y CNAE-2009 (tabla PX_200163_cdirae_est04b), Donostia-San Sebastián"
hospitality_establishments_share,Quota alloggio/ristorazione (% esercizi),economy,%,2009,6.15,"Eustat — Directorio de Actividades Económicas (CDIRAE), establecimientos por municipio y CNAE-2009 (tabla PX_200163_cdirae_est04b), Donostia-San Sebastián"
hospitality_establishments_share,Quota alloggio/ristorazione (% esercizi),economy,%,2010,6.36,"Eustat — Directorio de Actividades Económicas (CDIRAE), establecimientos por municipio y CNAE-2009 (tabla PX_200163_cdirae_est04b), Donostia-San Sebastián"
hospitality_establishments_share,Quota alloggio/ristorazione (% esercizi),economy,%,2011,6.61,"Eustat — Directorio de Actividades Económicas (CDIRAE), establecimientos por municipio y CNAE-2009 (tabla PX_200163_cdirae_est04b), Donostia-San Sebastián"
hospitality_establishments_share,Quota alloggio/ristorazione (% esercizi),economy,%,2012,6.79,"Eustat — Directorio de Actividades Económicas (CDIRAE), establecimientos por municipio y CNAE-2009 (tabla PX_200163_cdirae_est04b), Donostia-San Sebastián"
hospitality_establishments_share,Quota alloggio/ristorazione (% esercizi),economy,%,2013,6.95,"Eustat — Directorio de Actividades Económicas (CDIRAE), establecimientos por municipio y CNAE-2009 (tabla PX_200163_cdirae_est04b), Donostia-San Sebastián"
hospitality_establishments_share,Quota alloggio/ristorazione (% esercizi),economy,%,2014,6.99,"Eustat — Directorio de Actividades Económicas (CDIRAE), establecimientos por municipio y CNAE-2009 (tabla PX_200163_cdirae_est04b), Donostia-San Sebastián"
hospitality_establishments_share,Quota alloggio/ristorazione (% esercizi),economy,%,2015,7.03,"Eustat — Directorio de Actividades Económicas (CDIRAE), establecimientos por municipio y CNAE-2009 (tabla PX_200163_cdirae_est04b), Donostia-San Sebastián"
hospitality_establishments_share,Quota alloggio/ristorazione (% esercizi),economy,%,2016,7.05,"Eustat — Directorio de Actividades Económicas (CDIRAE), establecimientos por municipio y CNAE-2009 (tabla PX_200163_cdirae_est04b), Donostia-San Sebastián"
hospitality_establishments_share,Quota alloggio/ristorazione (% esercizi),economy,%,2017,7.22,"Eustat — Directorio de Actividades Económicas (CDIRAE), establecimientos por municipio y CNAE-2009 (tabla PX_200163_cdirae_est04b), Donostia-San Sebastián"
hospitality_establishments_share,Quota alloggio/ristorazione (% esercizi),economy,%,2018,7.51,"Eustat — Directorio de Actividades Económicas (CDIRAE), establecimientos por municipio y CNAE-2009 (tabla PX_200163_cdirae_est04b), Donostia-San Sebastián"
hospitality_establishments_share,Quota alloggio/ristorazione (% esercizi),economy,%,2019,7.62,"Eustat — Directorio de Actividades Económicas (CDIRAE), establecimientos por municipio y CNAE-2009 (tabla PX_200163_cdirae_est04b), Donostia-San Sebastián"
hospitality_establishments_share,Quota alloggio/ristorazione (% esercizi),economy,%,2020,7.76,"Eustat — Directorio de Actividades Económicas (CDIRAE), establecimientos por municipio y CNAE-2009 (tabla PX_200163_cdirae_est04b), Donostia-San Sebastián"
hospitality_establishments_share,Quota alloggio/ristorazione (% esercizi),economy,%,2021,7.72,"Eustat — Directorio de Actividades Económicas (CDIRAE), establecimientos por municipio y CNAE-2009 (tabla PX_200163_cdirae_est04b), Donostia-San Sebastián"
hospitality_establishments_share,Quota alloggio/ristorazione (% esercizi),economy,%,2022,7.87,"Eustat — Directorio de Actividades Económicas (CDIRAE), establecimientos por municipio y CNAE-2009 (tabla PX_200163_cdirae_est04b), Donostia-San Sebastián"
hospitality_establishments_share,Quota alloggio/ristorazione (% esercizi),economy,%,2023,8.07,"Eustat — Directorio de Actividades Económicas (CDIRAE), establecimientos por municipio y CNAE-2009 (tabla PX_200163_cdirae_est04b), Donostia-San Sebastián"
hospitality_establishments_share,Quota alloggio/ristorazione (% esercizi),economy,%,2024,8.14,"Eustat — Directorio de Actividades Económicas (CDIRAE), establecimientos por municipio y CNAE-2009 (tabla PX_200163_cdirae_est04b), Donostia-San Sebastián"
hospitality_establishments_share,Quota alloggio/ristorazione (% esercizi),economy,%,2025,8.11,"Eustat — Directorio de Actividades Económicas (CDIRAE), establecimientos por municipio y CNAE-2009 (tabla PX_200163_cdirae_est04b), Donostia-San Sebastián"
ibiltur_ocio_economic_impact,Impatto economico del turismo leisure (IBILTUR Ocio),tourism,M€,2023,500.1,IBILTUR Aisia/Ocio 2023 — ficha Donostia/San Sebastián (Basquetour)
ibiltur_ocio_spend_per_person,Spesa turistica leisure per persona (IBILTUR Ocio),tourism,€,2023,606.1,IBILTUR Aisia/Ocio 2023 — ficha Donostia/San Sebastián (Basquetour)
ibiltur_ocio_spend_per_person_day,Spesa turistica leisure per persona e giorno (IBILTUR Ocio),tourism,€/giorno,2023,194.7,IBILTUR Aisia/Ocio 2023 — ficha Donostia/San Sebastián (Basquetour)
job_concentration_ratio,Rapporto impieghi localizzati / occupati residenti,economy,ratio,2021,1.2376086370463562,"Eustat — empleo localizado (DIRAE est07) / ocupados residentes (EMPA mt02), Donostia / San Sebastián; >1 = la ciudad importa trabajadores"
job_concentration_ratio,Rapporto impieghi localizzati / occupati residenti,economy,ratio,2022,1.1929627388259705,"Eustat — empleo localizado (DIRAE est07) / ocupados residentes (EMPA mt02), Donostia / San Sebastián; >1 = la ciudad importa trabajadores"
job_concentration_ratio,Rapporto impieghi localizzati / occupati residenti,economy,ratio,2023,1.1821207115324763,"Eustat — empleo localizado (DIRAE est07) / ocupados residentes (EMPA mt02), Donostia / San Sebastián; >1 = la ciudad importa trabajadores"
job_concentration_ratio,Rapporto impieghi localizzati / occupati residenti,economy,ratio,2024,1.2047687500742519,"Eustat — empleo localizado (DIRAE est07) / ocupados residentes (EMPA mt02), Donostia / San Sebastián; >1 = la ciudad importa trabajadores"
jobs_located,Impieghi localizzati in città (Eustat DIRAE),economy,persone,1995,65962.0,"Eustat — Personas empleadas en establecimientos por ámbitos territoriales (DIRAE, tabla PX_200163_cdirae_est07), Donostia / San Sebastián"
jobs_located,Impieghi localizzati in città (Eustat DIRAE),economy,persone,1996,66561.0,"Eustat — Personas empleadas en establecimientos por ámbitos territoriales (DIRAE, tabla PX_200163_cdirae_est07), Donostia / San Sebastián"
jobs_located,Impieghi localizzati in città (Eustat DIRAE),economy,persone,1997,68295.0,"Eustat — Personas empleadas en establecimientos por ámbitos territoriales (DIRAE, tabla PX_200163_cdirae_est07), Donostia / San Sebastián"
jobs_located,Impieghi localizzati in città (Eustat DIRAE),economy,persone,1998,69917.0,"Eustat — Personas empleadas en establecimientos por ámbitos territoriales (DIRAE, tabla PX_200163_cdirae_est07), Donostia / San Sebastián"
jobs_located,Impieghi localizzati in città (Eustat DIRAE),economy,persone,1999,72186.0,"Eustat — Personas empleadas en establecimientos por ámbitos territoriales (DIRAE, tabla PX_200163_cdirae_est07), Donostia / San Sebastián"
jobs_located,Impieghi localizzati in città (Eustat DIRAE),economy,persone,2000,73478.0,"Eustat — Personas empleadas en establecimientos por ámbitos territoriales (DIRAE, tabla PX_200163_cdirae_est07), Donostia / San Sebastián"
jobs_located,Impieghi localizzati in città (Eustat DIRAE),economy,persone,2001,74752.0,"Eustat — Personas empleadas en establecimientos por ámbitos territoriales (DIRAE, tabla PX_200163_cdirae_est07), Donostia / San Sebastián"
jobs_located,Impieghi localizzati in città (Eustat DIRAE),economy,persone,2002,77492.0,"Eustat — Personas empleadas en establecimientos por ámbitos territoriales (DIRAE, tabla PX_200163_cdirae_est07), Donostia / San Sebastián"
jobs_located,Impieghi localizzati in città (Eustat DIRAE),economy,persone,2003,79324.0,"Eustat — Personas empleadas en establecimientos por ámbitos territoriales (DIRAE, tabla PX_200163_cdirae_est07), Donostia / San Sebastián"
jobs_located,Impieghi localizzati in città (Eustat DIRAE),economy,persone,2004,80078.0,"Eustat — Personas empleadas en establecimientos por ámbitos territoriales (DIRAE, tabla PX_200163_cdirae_est07), Donostia / San Sebastián"
jobs_located,Impieghi localizzati in città (Eustat DIRAE),economy,persone,2005,83711.0,"Eustat — Personas empleadas en establecimientos por ámbitos territoriales (DIRAE, tabla PX_200163_cdirae_est07), Donostia / San Sebastián"
jobs_located,Impieghi localizzati in città (Eustat DIRAE),economy,persone,2006,86374.0,"Eustat — Personas empleadas en establecimientos por ámbitos territoriales (DIRAE, tabla PX_200163_cdirae_est07), Donostia / San Sebastián"
jobs_located,Impieghi localizzati in città (Eustat DIRAE),economy,persone,2007,92810.0,"Eustat — Personas empleadas en establecimientos por ámbitos territoriales (DIRAE, tabla PX_200163_cdirae_est07), Donostia / San Sebastián"
jobs_located,Impieghi localizzati in città (Eustat DIRAE),economy,persone,2008,94755.0,"Eustat — Personas empleadas en establecimientos por ámbitos territoriales (DIRAE, tabla PX_200163_cdirae_est07), Donostia / San Sebastián"
jobs_located,Impieghi localizzati in città (Eustat DIRAE),economy,persone,2009,96425.0,"Eustat — Personas empleadas en establecimientos por ámbitos territoriales (DIRAE, tabla PX_200163_cdirae_est07), Donostia / San Sebastián"
jobs_located,Impieghi localizzati in città (Eustat DIRAE),economy,persone,2010,93401.0,"Eustat — Personas empleadas en establecimientos por ámbitos territoriales (DIRAE, tabla PX_200163_cdirae_est07), Donostia / San Sebastián"
jobs_located,Impieghi localizzati in città (Eustat DIRAE),economy,persone,2011,91655.0,"Eustat — Personas empleadas en establecimientos por ámbitos territoriales (DIRAE, tabla PX_200163_cdirae_est07), Donostia / San Sebastián"
jobs_located,Impieghi localizzati in città (Eustat DIRAE),economy,persone,2012,88754.0,"Eustat — Personas empleadas en establecimientos por ámbitos territoriales (DIRAE, tabla PX_200163_cdirae_est07), Donostia / San Sebastián"
jobs_located,Impieghi localizzati in città (Eustat DIRAE),economy,persone,2013,88150.0,"Eustat — Personas empleadas en establecimientos por ámbitos territoriales (DIRAE, tabla PX_200163_cdirae_est07), Donostia / San Sebastián"
jobs_located,Impieghi localizzati in città (Eustat DIRAE),economy,persone,2014,87507.0,"Eustat — Personas empleadas en establecimientos por ámbitos territoriales (DIRAE, tabla PX_200163_cdirae_est07), Donostia / San Sebastián"
jobs_located,Impieghi localizzati in città (Eustat DIRAE),economy,persone,2015,88237.0,"Eustat — Personas empleadas en establecimientos por ámbitos territoriales (DIRAE, tabla PX_200163_cdirae_est07), Donostia / San Sebastián"
jobs_located,Impieghi localizzati in città (Eustat DIRAE),economy,persone,2016,89626.0,"Eustat — Personas empleadas en establecimientos por ámbitos territoriales (DIRAE, tabla PX_200163_cdirae_est07), Donostia / San Sebastián"
jobs_located,Impieghi localizzati in città (Eustat DIRAE),economy,persone,2017,92455.0,"Eustat — Personas empleadas en establecimientos por ámbitos territoriales (DIRAE, tabla PX_200163_cdirae_est07), Donostia / San Sebastián"
jobs_located,Impieghi localizzati in città (Eustat DIRAE),economy,persone,2018,93867.0,"Eustat — Personas empleadas en establecimientos por ámbitos territoriales (DIRAE, tabla PX_200163_cdirae_est07), Donostia / San Sebastián"
jobs_located,Impieghi localizzati in città (Eustat DIRAE),economy,persone,2019,96160.0,"Eustat — Personas empleadas en establecimientos por ámbitos territoriales (DIRAE, tabla PX_200163_cdirae_est07), Donostia / San Sebastián"
jobs_located,Impieghi localizzati in città (Eustat DIRAE),economy,persone,2020,97664.0,"Eustat — Personas empleadas en establecimientos por ámbitos territoriales (DIRAE, tabla PX_200163_cdirae_est07), Donostia / San Sebastián"
jobs_located,Impieghi localizzati in città (Eustat DIRAE),economy,persone,2021,96406.0,"Eustat — Personas empleadas en establecimientos por ámbitos territoriales (DIRAE, tabla PX_200163_cdirae_est07), Donostia / San Sebastián"
jobs_located,Impieghi localizzati in città (Eustat DIRAE),economy,persone,2022,96593.0,"Eustat — Personas empleadas en establecimientos por ámbitos territoriales (DIRAE, tabla PX_200163_cdirae_est07), Donostia / San Sebastián"
jobs_located,Impieghi localizzati in città (Eustat DIRAE),economy,persone,2023,98752.0,"Eustat — Personas empleadas en establecimientos por ámbitos territoriales (DIRAE, tabla PX_200163_cdirae_est07), Donostia / San Sebastián"
jobs_located,Impieghi localizzati in città (Eustat DIRAE),economy,persone,2024,101409.0,"Eustat — Personas empleadas en establecimientos por ámbitos territoriales (DIRAE, tabla PX_200163_cdirae_est07), Donostia / San Sebastián"
jobs_located,Impieghi localizzati in città (Eustat DIRAE),economy,persone,2025,103446.0,"Eustat — Personas empleadas en establecimientos por ámbitos territoriales (DIRAE, tabla PX_200163_cdirae_est07), Donostia / San Sebastián"
mice_attendees,Partecipanti a congressi,tourism,persone,2024,259000.0,Donostitik 2024 (188 congresos; 259.000 asistentes)
mice_events_total,Eventi professionali (totale),tourism,eventi,2023,175.0,Derivado de +7.43% sobre 188 (Nexotur 2024)
mice_events_total,Eventi professionali (totale),tourism,eventi,2024,188.0,Donostitik/Nexotur 2024 (récord; 50% internacional)
mice_icca_congresses,Congressi internazionali (ICCA),tourism,congressi,2018,16.0,ICCA Statistics Report 2018 — San Sebastián (puesto 180 mundial)
mice_icca_congresses,Congressi internazionali (ICCA),tourism,congressi,2019,12.0,ICCA Statistics Report 2019 (puesto 221 mundial; 112 europeo)
mice_icca_congresses,Congressi internazionali (ICCA),tourism,congressi,2023,15.0,ICCA 2023 (7º a nivel estatal)
mice_icca_congresses,Congressi internazionali (ICCA),tourism,congressi,2025,13.0,ICCA 2025 — Crónica Vasca 29/05/2026 (puesto 211 mundial; 7º estatal)
pct_language_model_a,Alunni in modello linguistico A (%),demography,%,1983/1984,70.91,"Eustat — Alumnado matriculado en Enseñanzas de Régimen General no universitarias por municipio y modelo lingüístico (tabla PX_040601_ceens_mun01), Donostia-San Sebastián"
pct_language_model_a,Alunni in modello linguistico A (%),demography,%,1984/1985,72.39,"Eustat — Alumnado matriculado en Enseñanzas de Régimen General no universitarias por municipio y modelo lingüístico (tabla PX_040601_ceens_mun01), Donostia-San Sebastián"
pct_language_model_a,Alunni in modello linguistico A (%),demography,%,1985/1986,68.77,"Eustat — Alumnado matriculado en Enseñanzas de Régimen General no universitarias por municipio y modelo lingüístico (tabla PX_040601_ceens_mun01), Donostia-San Sebastián"
pct_language_model_a,Alunni in modello linguistico A (%),demography,%,1986/1987,63.5,"Eustat — Alumnado matriculado en Enseñanzas de Régimen General no universitarias por municipio y modelo lingüístico (tabla PX_040601_ceens_mun01), Donostia-San Sebastián"
pct_language_model_a,Alunni in modello linguistico A (%),demography,%,1987/1988,63.5,"Eustat — Alumnado matriculado en Enseñanzas de Régimen General no universitarias por municipio y modelo lingüístico (tabla PX_040601_ceens_mun01), Donostia-San Sebastián"
pct_language_model_a,Alunni in modello linguistico A (%),demography,%,1988/1989,61.77,"Eustat — Alumnado matriculado en Enseñanzas de Régimen General no universitarias por municipio y modelo lingüístico (tabla PX_040601_ceens_mun01), Donostia-San Sebastián"
pct_language_model_a,Alunni in modello linguistico A (%),demography,%,1989/1990,60.22,"Eustat — Alumnado matriculado en Enseñanzas de Régimen General no universitarias por municipio y modelo lingüístico (tabla PX_040601_ceens_mun01), Donostia-San Sebastián"
pct_language_model_a,Alunni in modello linguistico A (%),demography,%,1990/1991,57.94,"Eustat — Alumnado matriculado en Enseñanzas de Régimen General no universitarias por municipio y modelo lingüístico (tabla PX_040601_ceens_mun01), Donostia-San Sebastián"
pct_language_model_a,Alunni in modello linguistico A (%),demography,%,1991/1992,55.58,"Eustat — Alumnado matriculado en Enseñanzas de Régimen General no universitarias por municipio y modelo lingüístico (tabla PX_040601_ceens_mun01), Donostia-San Sebastián"
pct_language_model_a,Alunni in modello linguistico A (%),demography,%,1992/1993,53.06,"Eustat — Alumnado matriculado en Enseñanzas de Régimen General no universitarias por municipio y modelo lingüístico (tabla PX_040601_ceens_mun01), Donostia-San Sebastián"
pct_language_model_a,Alunni in modello linguistico A (%),demography,%,1993/1994,49.73,"Eustat — Alumnado matriculado en Enseñanzas de Régimen General no universitarias por municipio y modelo lingüístico (tabla PX_040601_ceens_mun01), Donostia-San Sebastián"
pct_language_model_a,Alunni in modello linguistico A (%),demography,%,1994/1995,47.61,"Eustat — Alumnado matriculado en Enseñanzas de Régimen General no universitarias por municipio y modelo lingüístico (tabla PX_040601_ceens_mun01), Donostia-San Sebastián"
pct_language_model_a,Alunni in modello linguistico A (%),demography,%,1995/1996,45.3,"Eustat — Alumnado matriculado en Enseñanzas de Régimen General no universitarias por municipio y modelo lingüístico (tabla PX_040601_ceens_mun01), Donostia-San Sebastián"
pct_language_model_a,Alunni in modello linguistico A (%),demography,%,1996/1997,43.39,"Eustat — Alumnado matriculado en Enseñanzas de Régimen General no universitarias por municipio y modelo lingüístico (tabla PX_040601_ceens_mun01), Donostia-San Sebastián"
pct_language_model_a,Alunni in modello linguistico A (%),demography,%,1997/1998,39.42,"Eustat — Alumnado matriculado en Enseñanzas de Régimen General no universitarias por municipio y modelo lingüístico (tabla PX_040601_ceens_mun01), Donostia-San Sebastián"
pct_language_model_a,Alunni in modello linguistico A (%),demography,%,1998/1999,35.88,"Eustat — Alumnado matriculado en Enseñanzas de Régimen General no universitarias por municipio y modelo lingüístico (tabla PX_040601_ceens_mun01), Donostia-San Sebastián"
pct_language_model_a,Alunni in modello linguistico A (%),demography,%,1999/2000,33.02,"Eustat — Alumnado matriculado en Enseñanzas de Régimen General no universitarias por municipio y modelo lingüístico (tabla PX_040601_ceens_mun01), Donostia-San Sebastián"
pct_language_model_a,Alunni in modello linguistico A (%),demography,%,2000/2001,32.5,"Eustat — Alumnado matriculado en Enseñanzas de Régimen General no universitarias por municipio y modelo lingüístico (tabla PX_040601_ceens_mun01), Donostia-San Sebastián"
pct_language_model_a,Alunni in modello linguistico A (%),demography,%,2001/2002,30.83,"Eustat — Alumnado matriculado en Enseñanzas de Régimen General no universitarias por municipio y modelo lingüístico (tabla PX_040601_ceens_mun01), Donostia-San Sebastián"
pct_language_model_a,Alunni in modello linguistico A (%),demography,%,2002/2003,29.91,"Eustat — Alumnado matriculado en Enseñanzas de Régimen General no universitarias por municipio y modelo lingüístico (tabla PX_040601_ceens_mun01), Donostia-San Sebastián"
pct_language_model_a,Alunni in modello linguistico A (%),demography,%,2003/2004,27.94,"Eustat — Alumnado matriculado en Enseñanzas de Régimen General no universitarias por municipio y modelo lingüístico (tabla PX_040601_ceens_mun01), Donostia-San Sebastián"
pct_language_model_a,Alunni in modello linguistico A (%),demography,%,2004/2005,27.45,"Eustat — Alumnado matriculado en Enseñanzas de Régimen General no universitarias por municipio y modelo lingüístico (tabla PX_040601_ceens_mun01), Donostia-San Sebastián"
pct_language_model_a,Alunni in modello linguistico A (%),demography,%,2005/2006,26.34,"Eustat — Alumnado matriculado en Enseñanzas de Régimen General no universitarias por municipio y modelo lingüístico (tabla PX_040601_ceens_mun01), Donostia-San Sebastián"
pct_language_model_a,Alunni in modello linguistico A (%),demography,%,2006/2007,25.05,"Eustat — Alumnado matriculado en Enseñanzas de Régimen General no universitarias por municipio y modelo lingüístico (tabla PX_040601_ceens_mun01), Donostia-San Sebastián"
pct_language_model_a,Alunni in modello linguistico A (%),demography,%,2007/2008,24.62,"Eustat — Alumnado matriculado en Enseñanzas de Régimen General no universitarias por municipio y modelo lingüístico (tabla PX_040601_ceens_mun01), Donostia-San Sebastián"
pct_language_model_a,Alunni in modello linguistico A (%),demography,%,2008/2009,25.22,"Eustat — Alumnado matriculado en Enseñanzas de Régimen General no universitarias por municipio y modelo lingüístico (tabla PX_040601_ceens_mun01), Donostia-San Sebastián"
pct_language_model_a,Alunni in modello linguistico A (%),demography,%,2009/2010,25.47,"Eustat — Alumnado matriculado en Enseñanzas de Régimen General no universitarias por municipio y modelo lingüístico (tabla PX_040601_ceens_mun01), Donostia-San Sebastián"
pct_language_model_a,Alunni in modello linguistico A (%),demography,%,2010/2011,24.75,"Eustat — Alumnado matriculado en Enseñanzas de Régimen General no universitarias por municipio y modelo lingüístico (tabla PX_040601_ceens_mun01), Donostia-San Sebastián"
pct_language_model_a,Alunni in modello linguistico A (%),demography,%,2011/2012,23.41,"Eustat — Alumnado matriculado en Enseñanzas de Régimen General no universitarias por municipio y modelo lingüístico (tabla PX_040601_ceens_mun01), Donostia-San Sebastián"
pct_language_model_a,Alunni in modello linguistico A (%),demography,%,2012/2013,23.48,"Eustat — Alumnado matriculado en Enseñanzas de Régimen General no universitarias por municipio y modelo lingüístico (tabla PX_040601_ceens_mun01), Donostia-San Sebastián"
pct_language_model_a,Alunni in modello linguistico A (%),demography,%,2013/2014,22.74,"Eustat — Alumnado matriculado en Enseñanzas de Régimen General no universitarias por municipio y modelo lingüístico (tabla PX_040601_ceens_mun01), Donostia-San Sebastián"
pct_language_model_a,Alunni in modello linguistico A (%),demography,%,2014/2015,24.1,"Eustat — Alumnado matriculado en Enseñanzas de Régimen General no universitarias por municipio y modelo lingüístico (tabla PX_040601_ceens_mun01), Donostia-San Sebastián"
pct_language_model_a,Alunni in modello linguistico A (%),demography,%,2015/2016,23.09,"Eustat — Alumnado matriculado en Enseñanzas de Régimen General no universitarias por municipio y modelo lingüístico (tabla PX_040601_ceens_mun01), Donostia-San Sebastián"
pct_language_model_a,Alunni in modello linguistico A (%),demography,%,2016/2017,22.16,"Eustat — Alumnado matriculado en Enseñanzas de Régimen General no universitarias por municipio y modelo lingüístico (tabla PX_040601_ceens_mun01), Donostia-San Sebastián"
pct_language_model_a,Alunni in modello linguistico A (%),demography,%,2017/2018,21.73,"Eustat — Alumnado matriculado en Enseñanzas de Régimen General no universitarias por municipio y modelo lingüístico (tabla PX_040601_ceens_mun01), Donostia-San Sebastián"
pct_language_model_a,Alunni in modello linguistico A (%),demography,%,2018/2019,19.89,"Eustat — Alumnado matriculado en Enseñanzas de Régimen General no universitarias por municipio y modelo lingüístico (tabla PX_040601_ceens_mun01), Donostia-San Sebastián"
pct_language_model_a,Alunni in modello linguistico A (%),demography,%,2019/2020,19.5,"Eustat — Alumnado matriculado en Enseñanzas de Régimen General no universitarias por municipio y modelo lingüístico (tabla PX_040601_ceens_mun01), Donostia-San Sebastián"
pct_language_model_a,Alunni in modello linguistico A (%),demography,%,2020/2021,22.21,"Eustat — Alumnado matriculado en Enseñanzas de Régimen General no universitarias por municipio y modelo lingüístico (tabla PX_040601_ceens_mun01), Donostia-San Sebastián"
pct_language_model_a,Alunni in modello linguistico A (%),demography,%,2021/2022,22.17,"Eustat — Alumnado matriculado en Enseñanzas de Régimen General no universitarias por municipio y modelo lingüístico (tabla PX_040601_ceens_mun01), Donostia-San Sebastián"
pct_language_model_a,Alunni in modello linguistico A (%),demography,%,2022/2023,22.36,"Eustat — Alumnado matriculado en Enseñanzas de Régimen General no universitarias por municipio y modelo lingüístico (tabla PX_040601_ceens_mun01), Donostia-San Sebastián"
pct_language_model_a,Alunni in modello linguistico A (%),demography,%,2023/2024,21.7,"Eustat — Alumnado matriculado en Enseñanzas de Régimen General no universitarias por municipio y modelo lingüístico (tabla PX_040601_ceens_mun01), Donostia-San Sebastián"
pct_language_model_a,Alunni in modello linguistico A (%),demography,%,2024/2025,22.51,"Eustat — Alumnado matriculado en Enseñanzas de Régimen General no universitarias por municipio y modelo lingüístico (tabla PX_040601_ceens_mun01), Donostia-San Sebastián"
pct_language_model_b,Alunni in modello linguistico B (%),demography,%,1983/1984,8.46,"Eustat — Alumnado matriculado en Enseñanzas de Régimen General no universitarias por municipio y modelo lingüístico (tabla PX_040601_ceens_mun01), Donostia-San Sebastián"
pct_language_model_b,Alunni in modello linguistico B (%),demography,%,1984/1985,9.85,"Eustat — Alumnado matriculado en Enseñanzas de Régimen General no universitarias por municipio y modelo lingüístico (tabla PX_040601_ceens_mun01), Donostia-San Sebastián"
pct_language_model_b,Alunni in modello linguistico B (%),demography,%,1985/1986,11.91,"Eustat — Alumnado matriculado en Enseñanzas de Régimen General no universitarias por municipio y modelo lingüístico (tabla PX_040601_ceens_mun01), Donostia-San Sebastián"
pct_language_model_b,Alunni in modello linguistico B (%),demography,%,1986/1987,13.91,"Eustat — Alumnado matriculado en Enseñanzas de Régimen General no universitarias por municipio y modelo lingüístico (tabla PX_040601_ceens_mun01), Donostia-San Sebastián"
pct_language_model_b,Alunni in modello linguistico B (%),demography,%,1987/1988,15.38,"Eustat — Alumnado matriculado en Enseñanzas de Régimen General no universitarias por municipio y modelo lingüístico (tabla PX_040601_ceens_mun01), Donostia-San Sebastián"
pct_language_model_b,Alunni in modello linguistico B (%),demography,%,1988/1989,16.7,"Eustat — Alumnado matriculado en Enseñanzas de Régimen General no universitarias por municipio y modelo lingüístico (tabla PX_040601_ceens_mun01), Donostia-San Sebastián"
pct_language_model_b,Alunni in modello linguistico B (%),demography,%,1989/1990,17.56,"Eustat — Alumnado matriculado en Enseñanzas de Régimen General no universitarias por municipio y modelo lingüístico (tabla PX_040601_ceens_mun01), Donostia-San Sebastián"
pct_language_model_b,Alunni in modello linguistico B (%),demography,%,1990/1991,18.54,"Eustat — Alumnado matriculado en Enseñanzas de Régimen General no universitarias por municipio y modelo lingüístico (tabla PX_040601_ceens_mun01), Donostia-San Sebastián"
pct_language_model_b,Alunni in modello linguistico B (%),demography,%,1991/1992,20.41,"Eustat — Alumnado matriculado en Enseñanzas de Régimen General no universitarias por municipio y modelo lingüístico (tabla PX_040601_ceens_mun01), Donostia-San Sebastián"
pct_language_model_b,Alunni in modello linguistico B (%),demography,%,1992/1993,22.07,"Eustat — Alumnado matriculado en Enseñanzas de Régimen General no universitarias por municipio y modelo lingüístico (tabla PX_040601_ceens_mun01), Donostia-San Sebastián"
pct_language_model_b,Alunni in modello linguistico B (%),demography,%,1993/1994,24.15,"Eustat — Alumnado matriculado en Enseñanzas de Régimen General no universitarias por municipio y modelo lingüístico (tabla PX_040601_ceens_mun01), Donostia-San Sebastián"
pct_language_model_b,Alunni in modello linguistico B (%),demography,%,1994/1995,24.95,"Eustat — Alumnado matriculado en Enseñanzas de Régimen General no universitarias por municipio y modelo lingüístico (tabla PX_040601_ceens_mun01), Donostia-San Sebastián"
pct_language_model_b,Alunni in modello linguistico B (%),demography,%,1995/1996,26.77,"Eustat — Alumnado matriculado en Enseñanzas de Régimen General no universitarias por municipio y modelo lingüístico (tabla PX_040601_ceens_mun01), Donostia-San Sebastián"
pct_language_model_b,Alunni in modello linguistico B (%),demography,%,1996/1997,28.01,"Eustat — Alumnado matriculado en Enseñanzas de Régimen General no universitarias por municipio y modelo lingüístico (tabla PX_040601_ceens_mun01), Donostia-San Sebastián"
pct_language_model_b,Alunni in modello linguistico B (%),demography,%,1997/1998,29.83,"Eustat — Alumnado matriculado en Enseñanzas de Régimen General no universitarias por municipio y modelo lingüístico (tabla PX_040601_ceens_mun01), Donostia-San Sebastián"
pct_language_model_b,Alunni in modello linguistico B (%),demography,%,1998/1999,30.65,"Eustat — Alumnado matriculado en Enseñanzas de Régimen General no universitarias por municipio y modelo lingüístico (tabla PX_040601_ceens_mun01), Donostia-San Sebastián"
pct_language_model_b,Alunni in modello linguistico B (%),demography,%,1999/2000,32.1,"Eustat — Alumnado matriculado en Enseñanzas de Régimen General no universitarias por municipio y modelo lingüístico (tabla PX_040601_ceens_mun01), Donostia-San Sebastián"
pct_language_model_b,Alunni in modello linguistico B (%),demography,%,2000/2001,31.63,"Eustat — Alumnado matriculado en Enseñanzas de Régimen General no universitarias por municipio y modelo lingüístico (tabla PX_040601_ceens_mun01), Donostia-San Sebastián"
pct_language_model_b,Alunni in modello linguistico B (%),demography,%,2001/2002,31.86,"Eustat — Alumnado matriculado en Enseñanzas de Régimen General no universitarias por municipio y modelo lingüístico (tabla PX_040601_ceens_mun01), Donostia-San Sebastián"
pct_language_model_b,Alunni in modello linguistico B (%),demography,%,2002/2003,31.89,"Eustat — Alumnado matriculado en Enseñanzas de Régimen General no universitarias por municipio y modelo lingüístico (tabla PX_040601_ceens_mun01), Donostia-San Sebastián"
pct_language_model_b,Alunni in modello linguistico B (%),demography,%,2003/2004,31.9,"Eustat — Alumnado matriculado en Enseñanzas de Régimen General no universitarias por municipio y modelo lingüístico (tabla PX_040601_ceens_mun01), Donostia-San Sebastián"
pct_language_model_b,Alunni in modello linguistico B (%),demography,%,2004/2005,30.6,"Eustat — Alumnado matriculado en Enseñanzas de Régimen General no universitarias por municipio y modelo lingüístico (tabla PX_040601_ceens_mun01), Donostia-San Sebastián"
pct_language_model_b,Alunni in modello linguistico B (%),demography,%,2005/2006,30.24,"Eustat — Alumnado matriculado en Enseñanzas de Régimen General no universitarias por municipio y modelo lingüístico (tabla PX_040601_ceens_mun01), Donostia-San Sebastián"
pct_language_model_b,Alunni in modello linguistico B (%),demography,%,2006/2007,29.8,"Eustat — Alumnado matriculado en Enseñanzas de Régimen General no universitarias por municipio y modelo lingüístico (tabla PX_040601_ceens_mun01), Donostia-San Sebastián"
pct_language_model_b,Alunni in modello linguistico B (%),demography,%,2007/2008,28.97,"Eustat — Alumnado matriculado en Enseñanzas de Régimen General no universitarias por municipio y modelo lingüístico (tabla PX_040601_ceens_mun01), Donostia-San Sebastián"
pct_language_model_b,Alunni in modello linguistico B (%),demography,%,2008/2009,27.79,"Eustat — Alumnado matriculado en Enseñanzas de Régimen General no universitarias por municipio y modelo lingüístico (tabla PX_040601_ceens_mun01), Donostia-San Sebastián"
pct_language_model_b,Alunni in modello linguistico B (%),demography,%,2009/2010,26.67,"Eustat — Alumnado matriculado en Enseñanzas de Régimen General no universitarias por municipio y modelo lingüístico (tabla PX_040601_ceens_mun01), Donostia-San Sebastián"
pct_language_model_b,Alunni in modello linguistico B (%),demography,%,2010/2011,25.57,"Eustat — Alumnado matriculado en Enseñanzas de Régimen General no universitarias por municipio y modelo lingüístico (tabla PX_040601_ceens_mun01), Donostia-San Sebastián"
pct_language_model_b,Alunni in modello linguistico B (%),demography,%,2011/2012,24.52,"Eustat — Alumnado matriculado en Enseñanzas de Régimen General no universitarias por municipio y modelo lingüístico (tabla PX_040601_ceens_mun01), Donostia-San Sebastián"
pct_language_model_b,Alunni in modello linguistico B (%),demography,%,2012/2013,22.9,"Eustat — Alumnado matriculado en Enseñanzas de Régimen General no universitarias por municipio y modelo lingüístico (tabla PX_040601_ceens_mun01), Donostia-San Sebastián"
pct_language_model_b,Alunni in modello linguistico B (%),demography,%,2013/2014,21.27,"Eustat — Alumnado matriculado en Enseñanzas de Régimen General no universitarias por municipio y modelo lingüístico (tabla PX_040601_ceens_mun01), Donostia-San Sebastián"
pct_language_model_b,Alunni in modello linguistico B (%),demography,%,2014/2015,19.33,"Eustat — Alumnado matriculado en Enseñanzas de Régimen General no universitarias por municipio y modelo lingüístico (tabla PX_040601_ceens_mun01), Donostia-San Sebastián"
pct_language_model_b,Alunni in modello linguistico B (%),demography,%,2015/2016,18.71,"Eustat — Alumnado matriculado en Enseñanzas de Régimen General no universitarias por municipio y modelo lingüístico (tabla PX_040601_ceens_mun01), Donostia-San Sebastián"
pct_language_model_b,Alunni in modello linguistico B (%),demography,%,2016/2017,18.18,"Eustat — Alumnado matriculado en Enseñanzas de Régimen General no universitarias por municipio y modelo lingüístico (tabla PX_040601_ceens_mun01), Donostia-San Sebastián"
pct_language_model_b,Alunni in modello linguistico B (%),demography,%,2017/2018,17.6,"Eustat — Alumnado matriculado en Enseñanzas de Régimen General no universitarias por municipio y modelo lingüístico (tabla PX_040601_ceens_mun01), Donostia-San Sebastián"
pct_language_model_b,Alunni in modello linguistico B (%),demography,%,2018/2019,17.04,"Eustat — Alumnado matriculado en Enseñanzas de Régimen General no universitarias por municipio y modelo lingüístico (tabla PX_040601_ceens_mun01), Donostia-San Sebastián"
pct_language_model_b,Alunni in modello linguistico B (%),demography,%,2019/2020,16.45,"Eustat — Alumnado matriculado en Enseñanzas de Régimen General no universitarias por municipio y modelo lingüístico (tabla PX_040601_ceens_mun01), Donostia-San Sebastián"
pct_language_model_b,Alunni in modello linguistico B (%),demography,%,2020/2021,15.41,"Eustat — Alumnado matriculado en Enseñanzas de Régimen General no universitarias por municipio y modelo lingüístico (tabla PX_040601_ceens_mun01), Donostia-San Sebastián"
pct_language_model_b,Alunni in modello linguistico B (%),demography,%,2021/2022,14.46,"Eustat — Alumnado matriculado en Enseñanzas de Régimen General no universitarias por municipio y modelo lingüístico (tabla PX_040601_ceens_mun01), Donostia-San Sebastián"
pct_language_model_b,Alunni in modello linguistico B (%),demography,%,2022/2023,14.39,"Eustat — Alumnado matriculado en Enseñanzas de Régimen General no universitarias por municipio y modelo lingüístico (tabla PX_040601_ceens_mun01), Donostia-San Sebastián"
pct_language_model_b,Alunni in modello linguistico B (%),demography,%,2023/2024,14.03,"Eustat — Alumnado matriculado en Enseñanzas de Régimen General no universitarias por municipio y modelo lingüístico (tabla PX_040601_ceens_mun01), Donostia-San Sebastián"
pct_language_model_b,Alunni in modello linguistico B (%),demography,%,2024/2025,13.47,"Eustat — Alumnado matriculado en Enseñanzas de Régimen General no universitarias por municipio y modelo lingüístico (tabla PX_040601_ceens_mun01), Donostia-San Sebastián"
pct_language_model_d,Alunni in modello linguistico D (%),demography,%,1983/1984,15.04,"Eustat — Alumnado matriculado en Enseñanzas de Régimen General no universitarias por municipio y modelo lingüístico (tabla PX_040601_ceens_mun01), Donostia-San Sebastián"
pct_language_model_d,Alunni in modello linguistico D (%),demography,%,1984/1985,16.57,"Eustat — Alumnado matriculado en Enseñanzas de Régimen General no universitarias por municipio y modelo lingüístico (tabla PX_040601_ceens_mun01), Donostia-San Sebastián"
pct_language_model_d,Alunni in modello linguistico D (%),demography,%,1985/1986,17.47,"Eustat — Alumnado matriculado en Enseñanzas de Régimen General no universitarias por municipio y modelo lingüístico (tabla PX_040601_ceens_mun01), Donostia-San Sebastián"
pct_language_model_d,Alunni in modello linguistico D (%),demography,%,1986/1987,19.16,"Eustat — Alumnado matriculado en Enseñanzas de Régimen General no universitarias por municipio y modelo lingüístico (tabla PX_040601_ceens_mun01), Donostia-San Sebastián"
pct_language_model_d,Alunni in modello linguistico D (%),demography,%,1987/1988,18.75,"Eustat — Alumnado matriculado en Enseñanzas de Régimen General no universitarias por municipio y modelo lingüístico (tabla PX_040601_ceens_mun01), Donostia-San Sebastián"
pct_language_model_d,Alunni in modello linguistico D (%),demography,%,1988/1989,19.42,"Eustat — Alumnado matriculado en Enseñanzas de Régimen General no universitarias por municipio y modelo lingüístico (tabla PX_040601_ceens_mun01), Donostia-San Sebastián"
pct_language_model_d,Alunni in modello linguistico D (%),demography,%,1989/1990,20.0,"Eustat — Alumnado matriculado en Enseñanzas de Régimen General no universitarias por municipio y modelo lingüístico (tabla PX_040601_ceens_mun01), Donostia-San Sebastián"
pct_language_model_d,Alunni in modello linguistico D (%),demography,%,1990/1991,21.3,"Eustat — Alumnado matriculado en Enseñanzas de Régimen General no universitarias por municipio y modelo lingüístico (tabla PX_040601_ceens_mun01), Donostia-San Sebastián"
pct_language_model_d,Alunni in modello linguistico D (%),demography,%,1991/1992,22.35,"Eustat — Alumnado matriculado en Enseñanzas de Régimen General no universitarias por municipio y modelo lingüístico (tabla PX_040601_ceens_mun01), Donostia-San Sebastián"
pct_language_model_d,Alunni in modello linguistico D (%),demography,%,1992/1993,22.47,"Eustat — Alumnado matriculado en Enseñanzas de Régimen General no universitarias por municipio y modelo lingüístico (tabla PX_040601_ceens_mun01), Donostia-San Sebastián"
pct_language_model_d,Alunni in modello linguistico D (%),demography,%,1993/1994,23.68,"Eustat — Alumnado matriculado en Enseñanzas de Régimen General no universitarias por municipio y modelo lingüístico (tabla PX_040601_ceens_mun01), Donostia-San Sebastián"
pct_language_model_d,Alunni in modello linguistico D (%),demography,%,1994/1995,25.01,"Eustat — Alumnado matriculado en Enseñanzas de Régimen General no universitarias por municipio y modelo lingüístico (tabla PX_040601_ceens_mun01), Donostia-San Sebastián"
pct_language_model_d,Alunni in modello linguistico D (%),demography,%,1995/1996,26.24,"Eustat — Alumnado matriculado en Enseñanzas de Régimen General no universitarias por municipio y modelo lingüístico (tabla PX_040601_ceens_mun01), Donostia-San Sebastián"
pct_language_model_d,Alunni in modello linguistico D (%),demography,%,1996/1997,27.51,"Eustat — Alumnado matriculado en Enseñanzas de Régimen General no universitarias por municipio y modelo lingüístico (tabla PX_040601_ceens_mun01), Donostia-San Sebastián"
pct_language_model_d,Alunni in modello linguistico D (%),demography,%,1997/1998,29.75,"Eustat — Alumnado matriculado en Enseñanzas de Régimen General no universitarias por municipio y modelo lingüístico (tabla PX_040601_ceens_mun01), Donostia-San Sebastián"
pct_language_model_d,Alunni in modello linguistico D (%),demography,%,1998/1999,32.54,"Eustat — Alumnado matriculado en Enseñanzas de Régimen General no universitarias por municipio y modelo lingüístico (tabla PX_040601_ceens_mun01), Donostia-San Sebastián"
pct_language_model_d,Alunni in modello linguistico D (%),demography,%,1999/2000,34.36,"Eustat — Alumnado matriculado en Enseñanzas de Régimen General no universitarias por municipio y modelo lingüístico (tabla PX_040601_ceens_mun01), Donostia-San Sebastián"
pct_language_model_d,Alunni in modello linguistico D (%),demography,%,2000/2001,35.86,"Eustat — Alumnado matriculado en Enseñanzas de Régimen General no universitarias por municipio y modelo lingüístico (tabla PX_040601_ceens_mun01), Donostia-San Sebastián"
pct_language_model_d,Alunni in modello linguistico D (%),demography,%,2001/2002,37.31,"Eustat — Alumnado matriculado en Enseñanzas de Régimen General no universitarias por municipio y modelo lingüístico (tabla PX_040601_ceens_mun01), Donostia-San Sebastián"
pct_language_model_d,Alunni in modello linguistico D (%),demography,%,2002/2003,38.2,"Eustat — Alumnado matriculado en Enseñanzas de Régimen General no universitarias por municipio y modelo lingüístico (tabla PX_040601_ceens_mun01), Donostia-San Sebastián"
pct_language_model_d,Alunni in modello linguistico D (%),demography,%,2003/2004,40.16,"Eustat — Alumnado matriculado en Enseñanzas de Régimen General no universitarias por municipio y modelo lingüístico (tabla PX_040601_ceens_mun01), Donostia-San Sebastián"
pct_language_model_d,Alunni in modello linguistico D (%),demography,%,2004/2005,41.95,"Eustat — Alumnado matriculado en Enseñanzas de Régimen General no universitarias por municipio y modelo lingüístico (tabla PX_040601_ceens_mun01), Donostia-San Sebastián"
pct_language_model_d,Alunni in modello linguistico D (%),demography,%,2005/2006,43.43,"Eustat — Alumnado matriculado en Enseñanzas de Régimen General no universitarias por municipio y modelo lingüístico (tabla PX_040601_ceens_mun01), Donostia-San Sebastián"
pct_language_model_d,Alunni in modello linguistico D (%),demography,%,2006/2007,45.16,"Eustat — Alumnado matriculado en Enseñanzas de Régimen General no universitarias por municipio y modelo lingüístico (tabla PX_040601_ceens_mun01), Donostia-San Sebastián"
pct_language_model_d,Alunni in modello linguistico D (%),demography,%,2007/2008,46.41,"Eustat — Alumnado matriculado en Enseñanzas de Régimen General no universitarias por municipio y modelo lingüístico (tabla PX_040601_ceens_mun01), Donostia-San Sebastián"
pct_language_model_d,Alunni in modello linguistico D (%),demography,%,2008/2009,46.99,"Eustat — Alumnado matriculado en Enseñanzas de Régimen General no universitarias por municipio y modelo lingüístico (tabla PX_040601_ceens_mun01), Donostia-San Sebastián"
pct_language_model_d,Alunni in modello linguistico D (%),demography,%,2009/2010,47.86,"Eustat — Alumnado matriculado en Enseñanzas de Régimen General no universitarias por municipio y modelo lingüístico (tabla PX_040601_ceens_mun01), Donostia-San Sebastián"
pct_language_model_d,Alunni in modello linguistico D (%),demography,%,2010/2011,49.68,"Eustat — Alumnado matriculado en Enseñanzas de Régimen General no universitarias por municipio y modelo lingüístico (tabla PX_040601_ceens_mun01), Donostia-San Sebastián"
pct_language_model_d,Alunni in modello linguistico D (%),demography,%,2011/2012,52.07,"Eustat — Alumnado matriculado en Enseñanzas de Régimen General no universitarias por municipio y modelo lingüístico (tabla PX_040601_ceens_mun01), Donostia-San Sebastián"
pct_language_model_d,Alunni in modello linguistico D (%),demography,%,2012/2013,53.62,"Eustat — Alumnado matriculado en Enseñanzas de Régimen General no universitarias por municipio y modelo lingüístico (tabla PX_040601_ceens_mun01), Donostia-San Sebastián"
pct_language_model_d,Alunni in modello linguistico D (%),demography,%,2013/2014,55.99,"Eustat — Alumnado matriculado en Enseñanzas de Régimen General no universitarias por municipio y modelo lingüístico (tabla PX_040601_ceens_mun01), Donostia-San Sebastián"
pct_language_model_d,Alunni in modello linguistico D (%),demography,%,2014/2015,56.56,"Eustat — Alumnado matriculado en Enseñanzas de Régimen General no universitarias por municipio y modelo lingüístico (tabla PX_040601_ceens_mun01), Donostia-San Sebastián"
pct_language_model_d,Alunni in modello linguistico D (%),demography,%,2015/2016,58.2,"Eustat — Alumnado matriculado en Enseñanzas de Régimen General no universitarias por municipio y modelo lingüístico (tabla PX_040601_ceens_mun01), Donostia-San Sebastián"
pct_language_model_d,Alunni in modello linguistico D (%),demography,%,2016/2017,59.65,"Eustat — Alumnado matriculado en Enseñanzas de Régimen General no universitarias por municipio y modelo lingüístico (tabla PX_040601_ceens_mun01), Donostia-San Sebastián"
pct_language_model_d,Alunni in modello linguistico D (%),demography,%,2017/2018,60.67,"Eustat — Alumnado matriculado en Enseñanzas de Régimen General no universitarias por municipio y modelo lingüístico (tabla PX_040601_ceens_mun01), Donostia-San Sebastián"
pct_language_model_d,Alunni in modello linguistico D (%),demography,%,2018/2019,63.07,"Eustat — Alumnado matriculado en Enseñanzas de Régimen General no universitarias por municipio y modelo lingüístico (tabla PX_040601_ceens_mun01), Donostia-San Sebastián"
pct_language_model_d,Alunni in modello linguistico D (%),demography,%,2019/2020,64.04,"Eustat — Alumnado matriculado en Enseñanzas de Régimen General no universitarias por municipio y modelo lingüístico (tabla PX_040601_ceens_mun01), Donostia-San Sebastián"
pct_language_model_d,Alunni in modello linguistico D (%),demography,%,2020/2021,62.38,"Eustat — Alumnado matriculado en Enseñanzas de Régimen General no universitarias por municipio y modelo lingüístico (tabla PX_040601_ceens_mun01), Donostia-San Sebastián"
pct_language_model_d,Alunni in modello linguistico D (%),demography,%,2021/2022,63.37,"Eustat — Alumnado matriculado en Enseñanzas de Régimen General no universitarias por municipio y modelo lingüístico (tabla PX_040601_ceens_mun01), Donostia-San Sebastián"
pct_language_model_d,Alunni in modello linguistico D (%),demography,%,2022/2023,63.25,"Eustat — Alumnado matriculado en Enseñanzas de Régimen General no universitarias por municipio y modelo lingüístico (tabla PX_040601_ceens_mun01), Donostia-San Sebastián"
pct_language_model_d,Alunni in modello linguistico D (%),demography,%,2023/2024,64.28,"Eustat — Alumnado matriculado en Enseñanzas de Régimen General no universitarias por municipio y modelo lingüístico (tabla PX_040601_ceens_mun01), Donostia-San Sebastián"
pct_language_model_d,Alunni in modello linguistico D (%),demography,%,2024/2025,64.02,"Eustat — Alumnado matriculado en Enseñanzas de Régimen General no universitarias por municipio y modelo lingüístico (tabla PX_040601_ceens_mun01), Donostia-San Sebastián"
recycling_rate,Tasso di raccolta differenziata,environment,%,2010,28.8,Donostia Open Data — recogida de residuos (ámbito urbano)
recycling_rate,Tasso di raccolta differenziata,environment,%,2011,29.63,Donostia Open Data — recogida de residuos (ámbito urbano)
recycling_rate,Tasso di raccolta differenziata,environment,%,2012,30.44,Donostia Open Data — recogida de residuos (ámbito urbano)
recycling_rate,Tasso di raccolta differenziata,environment,%,2013,31.06,Donostia Open Data — recogida de residuos (ámbito urbano)
recycling_rate,Tasso di raccolta differenziata,environment,%,2014,33.69,Donostia Open Data — recogida de residuos (ámbito urbano)
recycling_rate,Tasso di raccolta differenziata,environment,%,2015,38.08,Donostia Open Data — recogida de residuos (ámbito urbano)
recycling_rate,Tasso di raccolta differenziata,environment,%,2016,38.67,Donostia Open Data — recogida de residuos (ámbito urbano)
recycling_rate,Tasso di raccolta differenziata,environment,%,2017,38.11,Donostia Open Data — recogida de residuos (ámbito urbano)
recycling_rate,Tasso di raccolta differenziata,environment,%,2018,39.03,Donostia Open Data — recogida de residuos (ámbito urbano)
recycling_rate,Tasso di raccolta differenziata,environment,%,2019,40.38,Donostia Open Data — recogida de residuos (ámbito urbano)
recycling_rate,Tasso di raccolta differenziata,environment,%,2020,41.63,Donostia Open Data — recogida de residuos (ámbito urbano)
recycling_rate,Tasso di raccolta differenziata,environment,%,2021,41.16,Donostia Open Data — recogida de residuos (ámbito urbano)
recycling_rate,Tasso di raccolta differenziata,environment,%,2022,40.72,Donostia Open Data — recogida de residuos (ámbito urbano)
recycling_rate,Tasso di raccolta differenziata,environment,%,2023,40.98,Donostia Open Data — recogida de residuos (ámbito urbano)
residents_study_in_city_pct,Studenti residenti che studiano nel proprio comune,economy,%,2021,64.97311532974871,"Eustat — Población estudiante de 16 y más años por ámbitos territoriales y lugar de estudio (EME, tabla PX_040606_ceme_me02), Donostia / San Sebastián"
residents_study_in_city_pct,Studenti residenti che studiano nel proprio comune,economy,%,2022,61.805966138134906,"Eustat — Población estudiante de 16 y más años por ámbitos territoriales y lugar de estudio (EME, tabla PX_040606_ceme_me02), Donostia / San Sebastián"
residents_study_in_city_pct,Studenti residenti che studiano nel proprio comune,economy,%,2023,60.856776125788855,"Eustat — Población estudiante de 16 y más años por ámbitos territoriales y lugar de estudio (EME, tabla PX_040606_ceme_me02), Donostia / San Sebastián"
residents_study_in_city_pct,Studenti residenti che studiano nel proprio comune,economy,%,2024,61.71302285467875,"Eustat — Población estudiante de 16 y más años por ámbitos territoriales y lugar de estudio (EME, tabla PX_040606_ceme_me02), Donostia / San Sebastián"
residents_work_in_city_pct,Occupati residenti che lavorano nel proprio comune,economy,%,2021,66.84724700566133,"Eustat — Población ocupada por ámbitos territoriales y lugar de trabajo (EMPA, tabla PX_050407_cempa_empa_mt02), Donostia / San Sebastián"
residents_work_in_city_pct,Occupati residenti che lavorano nel proprio comune,economy,%,2022,64.14924230260965,"Eustat — Población ocupada por ámbitos territoriales y lugar de trabajo (EMPA, tabla PX_050407_cempa_empa_mt02), Donostia / San Sebastián"
residents_work_in_city_pct,Occupati residenti che lavorano nel proprio comune,economy,%,2023,65.38700950465656,"Eustat — Población ocupada por ámbitos territoriales y lugar de trabajo (EMPA, tabla PX_050407_cempa_empa_mt02), Donostia / San Sebastián"
residents_work_in_city_pct,Occupati residenti che lavorano nel proprio comune,economy,%,2024,65.67307806541291,"Eustat — Población ocupada por ámbitos territoriales y lugar de trabajo (EMPA, tabla PX_050407_cempa_empa_mt02), Donostia / San Sebastián"
retail_establishments_share,Quota commercio al dettaglio (% esercizi),economy,%,2008,14.89,"Eustat — Directorio de Actividades Económicas (CDIRAE), establecimientos por municipio y CNAE-2009 (tabla PX_200163_cdirae_est04b), Donostia-San Sebastián"
retail_establishments_share,Quota commercio al dettaglio (% esercizi),economy,%,2009,14.76,"Eustat — Directorio de Actividades Económicas (CDIRAE), establecimientos por municipio y CNAE-2009 (tabla PX_200163_cdirae_est04b), Donostia-San Sebastián"
retail_establishments_share,Quota commercio al dettaglio (% esercizi),economy,%,2010,14.97,"Eustat — Directorio de Actividades Económicas (CDIRAE), establecimientos por municipio y CNAE-2009 (tabla PX_200163_cdirae_est04b), Donostia-San Sebastián"
retail_establishments_share,Quota commercio al dettaglio (% esercizi),economy,%,2011,15.01,"Eustat — Directorio de Actividades Económicas (CDIRAE), establecimientos por municipio y CNAE-2009 (tabla PX_200163_cdirae_est04b), Donostia-San Sebastián"
retail_establishments_share,Quota commercio al dettaglio (% esercizi),economy,%,2012,15.06,"Eustat — Directorio de Actividades Económicas (CDIRAE), establecimientos por municipio y CNAE-2009 (tabla PX_200163_cdirae_est04b), Donostia-San Sebastián"
retail_establishments_share,Quota commercio al dettaglio (% esercizi),economy,%,2013,15.15,"Eustat — Directorio de Actividades Económicas (CDIRAE), establecimientos por municipio y CNAE-2009 (tabla PX_200163_cdirae_est04b), Donostia-San Sebastián"
retail_establishments_share,Quota commercio al dettaglio (% esercizi),economy,%,2014,15.18,"Eustat — Directorio de Actividades Económicas (CDIRAE), establecimientos por municipio y CNAE-2009 (tabla PX_200163_cdirae_est04b), Donostia-San Sebastián"
retail_establishments_share,Quota commercio al dettaglio (% esercizi),economy,%,2015,15.1,"Eustat — Directorio de Actividades Económicas (CDIRAE), establecimientos por municipio y CNAE-2009 (tabla PX_200163_cdirae_est04b), Donostia-San Sebastián"
retail_establishments_share,Quota commercio al dettaglio (% esercizi),economy,%,2016,14.73,"Eustat — Directorio de Actividades Económicas (CDIRAE), establecimientos por municipio y CNAE-2009 (tabla PX_200163_cdirae_est04b), Donostia-San Sebastián"
retail_establishments_share,Quota commercio al dettaglio (% esercizi),economy,%,2017,14.66,"Eustat — Directorio de Actividades Económicas (CDIRAE), establecimientos por municipio y CNAE-2009 (tabla PX_200163_cdirae_est04b), Donostia-San Sebastián"
retail_establishments_share,Quota commercio al dettaglio (% esercizi),economy,%,2018,14.24,"Eustat — Directorio de Actividades Económicas (CDIRAE), establecimientos por municipio y CNAE-2009 (tabla PX_200163_cdirae_est04b), Donostia-San Sebastián"
retail_establishments_share,Quota commercio al dettaglio (% esercizi),economy,%,2019,13.88,"Eustat — Directorio de Actividades Económicas (CDIRAE), establecimientos por municipio y CNAE-2009 (tabla PX_200163_cdirae_est04b), Donostia-San Sebastián"
retail_establishments_share,Quota commercio al dettaglio (% esercizi),economy,%,2020,13.51,"Eustat — Directorio de Actividades Económicas (CDIRAE), establecimientos por municipio y CNAE-2009 (tabla PX_200163_cdirae_est04b), Donostia-San Sebastián"
retail_establishments_share,Quota commercio al dettaglio (% esercizi),economy,%,2021,13.29,"Eustat — Directorio de Actividades Económicas (CDIRAE), establecimientos por municipio y CNAE-2009 (tabla PX_200163_cdirae_est04b), Donostia-San Sebastián"
retail_establishments_share,Quota commercio al dettaglio (% esercizi),economy,%,2022,13.13,"Eustat — Directorio de Actividades Económicas (CDIRAE), establecimientos por municipio y CNAE-2009 (tabla PX_200163_cdirae_est04b), Donostia-San Sebastián"
retail_establishments_share,Quota commercio al dettaglio (% esercizi),economy,%,2023,13.04,"Eustat — Directorio de Actividades Económicas (CDIRAE), establecimientos por municipio y CNAE-2009 (tabla PX_200163_cdirae_est04b), Donostia-San Sebastián"
retail_establishments_share,Quota commercio al dettaglio (% esercizi),economy,%,2024,12.79,"Eustat — Directorio de Actividades Económicas (CDIRAE), establecimientos por municipio y CNAE-2009 (tabla PX_200163_cdirae_est04b), Donostia-San Sebastián"
retail_establishments_share,Quota commercio al dettaglio (% esercizi),economy,%,2025,12.62,"Eustat — Directorio de Actividades Económicas (CDIRAE), establecimientos por municipio y CNAE-2009 (tabla PX_200163_cdirae_est04b), Donostia-San Sebastián"
tax_revenue,Imposte comunali emesse (M€),economy,M€,2011,73.0,"Donostia Open Data — impuestos emitidos (ciudad, importe nominal)"
tax_revenue,Imposte comunali emesse (M€),economy,M€,2012,76.2,"Donostia Open Data — impuestos emitidos (ciudad, importe nominal)"
tax_revenue,Imposte comunali emesse (M€),economy,M€,2013,77.6,"Donostia Open Data — impuestos emitidos (ciudad, importe nominal)"
tax_revenue,Imposte comunali emesse (M€),economy,M€,2014,78.6,"Donostia Open Data — impuestos emitidos (ciudad, importe nominal)"
tax_revenue,Imposte comunali emesse (M€),economy,M€,2015,83.2,"Donostia Open Data — impuestos emitidos (ciudad, importe nominal)"
tax_revenue,Imposte comunali emesse (M€),economy,M€,2016,80.8,"Donostia Open Data — impuestos emitidos (ciudad, importe nominal)"
tax_revenue,Imposte comunali emesse (M€),economy,M€,2017,80.2,"Donostia Open Data — impuestos emitidos (ciudad, importe nominal)"
tax_revenue,Imposte comunali emesse (M€),economy,M€,2018,85.6,"Donostia Open Data — impuestos emitidos (ciudad, importe nominal)"
tax_revenue,Imposte comunali emesse (M€),economy,M€,2019,89.8,"Donostia Open Data — impuestos emitidos (ciudad, importe nominal)"
tax_revenue,Imposte comunali emesse (M€),economy,M€,2020,86.5,"Donostia Open Data — impuestos emitidos (ciudad, importe nominal)"
tax_revenue,Imposte comunali emesse (M€),economy,M€,2021,89.0,"Donostia Open Data — impuestos emitidos (ciudad, importe nominal)"
tax_revenue,Imposte comunali emesse (M€),economy,M€,2022,82.2,"Donostia Open Data — impuestos emitidos (ciudad, importe nominal)"
tax_revenue,Imposte comunali emesse (M€),economy,M€,2023,91.9,"Donostia Open Data — impuestos emitidos (ciudad, importe nominal)"
tax_revenue,Imposte comunali emesse (M€),economy,M€,2024,96.4,"Donostia Open Data — impuestos emitidos (ciudad, importe nominal)"
tax_revenue,Imposte comunali emesse (M€),economy,M€,2025,105.9,"Donostia Open Data — impuestos emitidos (ciudad, importe nominal)"
total_establishments,Esercizi totali (Donostia),economy,locali,2008,22862.0,"Eustat — Directorio de Actividades Económicas (CDIRAE), establecimientos por municipio y CNAE-2009 (tabla PX_200163_cdirae_est04b), Donostia-San Sebastián"
total_establishments,Esercizi totali (Donostia),economy,locali,2009,22322.0,"Eustat — Directorio de Actividades Económicas (CDIRAE), establecimientos por municipio y CNAE-2009 (tabla PX_200163_cdirae_est04b), Donostia-San Sebastián"
total_establishments,Esercizi totali (Donostia),economy,locali,2010,21151.0,"Eustat — Directorio de Actividades Económicas (CDIRAE), establecimientos por municipio y CNAE-2009 (tabla PX_200163_cdirae_est04b), Donostia-San Sebastián"
total_establishments,Esercizi totali (Donostia),economy,locali,2011,20395.0,"Eustat — Directorio de Actividades Económicas (CDIRAE), establecimientos por municipio y CNAE-2009 (tabla PX_200163_cdirae_est04b), Donostia-San Sebastián"
total_establishments,Esercizi totali (Donostia),economy,locali,2012,19616.0,"Eustat — Directorio de Actividades Económicas (CDIRAE), establecimientos por municipio y CNAE-2009 (tabla PX_200163_cdirae_est04b), Donostia-San Sebastián"
total_establishments,Esercizi totali (Donostia),economy,locali,2013,19128.0,"Eustat — Directorio de Actividades Económicas (CDIRAE), establecimientos por municipio y CNAE-2009 (tabla PX_200163_cdirae_est04b), Donostia-San Sebastián"
total_establishments,Esercizi totali (Donostia),economy,locali,2014,18767.0,"Eustat — Directorio de Actividades Económicas (CDIRAE), establecimientos por municipio y CNAE-2009 (tabla PX_200163_cdirae_est04b), Donostia-San Sebastián"
total_establishments,Esercizi totali (Donostia),economy,locali,2015,18870.0,"Eustat — Directorio de Actividades Económicas (CDIRAE), establecimientos por municipio y CNAE-2009 (tabla PX_200163_cdirae_est04b), Donostia-San Sebastián"
total_establishments,Esercizi totali (Donostia),economy,locali,2016,18974.0,"Eustat — Directorio de Actividades Económicas (CDIRAE), establecimientos por municipio y CNAE-2009 (tabla PX_200163_cdirae_est04b), Donostia-San Sebastián"
total_establishments,Esercizi totali (Donostia),economy,locali,2017,18888.0,"Eustat — Directorio de Actividades Económicas (CDIRAE), establecimientos por municipio y CNAE-2009 (tabla PX_200163_cdirae_est04b), Donostia-San Sebastián"
total_establishments,Esercizi totali (Donostia),economy,locali,2018,18775.0,"Eustat — Directorio de Actividades Económicas (CDIRAE), establecimientos por municipio y CNAE-2009 (tabla PX_200163_cdirae_est04b), Donostia-San Sebastián"
total_establishments,Esercizi totali (Donostia),economy,locali,2019,18892.0,"Eustat — Directorio de Actividades Económicas (CDIRAE), establecimientos por municipio y CNAE-2009 (tabla PX_200163_cdirae_est04b), Donostia-San Sebastián"
total_establishments,Esercizi totali (Donostia),economy,locali,2020,18504.0,"Eustat — Directorio de Actividades Económicas (CDIRAE), establecimientos por municipio y CNAE-2009 (tabla PX_200163_cdirae_est04b), Donostia-San Sebastián"
total_establishments,Esercizi totali (Donostia),economy,locali,2021,18361.0,"Eustat — Directorio de Actividades Económicas (CDIRAE), establecimientos por municipio y CNAE-2009 (tabla PX_200163_cdirae_est04b), Donostia-San Sebastián"
total_establishments,Esercizi totali (Donostia),economy,locali,2022,18353.0,"Eustat — Directorio de Actividades Económicas (CDIRAE), establecimientos por municipio y CNAE-2009 (tabla PX_200163_cdirae_est04b), Donostia-San Sebastián"
total_establishments,Esercizi totali (Donostia),economy,locali,2023,18085.0,"Eustat — Directorio de Actividades Económicas (CDIRAE), establecimientos por municipio y CNAE-2009 (tabla PX_200163_cdirae_est04b), Donostia-San Sebastián"
total_establishments,Esercizi totali (Donostia),economy,locali,2024,17930.0,"Eustat — Directorio de Actividades Económicas (CDIRAE), establecimientos por municipio y CNAE-2009 (tabla PX_200163_cdirae_est04b), Donostia-San Sebastián"
total_establishments,Esercizi totali (Donostia),economy,locali,2025,18037.0,"Eustat — Directorio de Actividades Económicas (CDIRAE), establecimientos por municipio y CNAE-2009 (tabla PX_200163_cdirae_est04b), Donostia-San Sebastián"
unemployment_rate,Tasso di disoccupazione (Donostia),economy,%,2015,12.0,"Eustat — Tasas de actividad, ocupación y paro por capitales, sexo y trimestre (tabla PX_050403_cpra_tab19), Donostia-San Sebastián, promedio anual"
unemployment_rate,Tasso di disoccupazione (Donostia),economy,%,2016,9.3,"Eustat — Tasas de actividad, ocupación y paro por capitales, sexo y trimestre (tabla PX_050403_cpra_tab19), Donostia-San Sebastián, promedio anual"
unemployment_rate,Tasso di disoccupazione (Donostia),economy,%,2017,7.9,"Eustat — Tasas de actividad, ocupación y paro por capitales, sexo y trimestre (tabla PX_050403_cpra_tab19), Donostia-San Sebastián, promedio anual"
unemployment_rate,Tasso di disoccupazione (Donostia),economy,%,2018,8.1,"Eustat — Tasas de actividad, ocupación y paro por capitales, sexo y trimestre (tabla PX_050403_cpra_tab19), Donostia-San Sebastián, promedio anual"
unemployment_rate,Tasso di disoccupazione (Donostia),economy,%,2019,6.5,"Eustat — Tasas de actividad, ocupación y paro por capitales, sexo y trimestre (tabla PX_050403_cpra_tab19), Donostia-San Sebastián, promedio anual"
unemployment_rate,Tasso di disoccupazione (Donostia),economy,%,2020,9.1,"Eustat — Tasas de actividad, ocupación y paro por capitales, sexo y trimestre (tabla PX_050403_cpra_tab19), Donostia-San Sebastián, promedio anual"
unemployment_rate,Tasso di disoccupazione (Donostia),economy,%,2021,8.4,"Eustat — Tasas de actividad, ocupación y paro por capitales, sexo y trimestre (tabla PX_050403_cpra_tab19), Donostia-San Sebastián, promedio anual"
unemployment_rate,Tasso di disoccupazione (Donostia),economy,%,2022,6.7,"Eustat — Tasas de actividad, ocupación y paro por capitales, sexo y trimestre (tabla PX_050403_cpra_tab19), Donostia-San Sebastián, promedio anual"
unemployment_rate,Tasso di disoccupazione (Donostia),economy,%,2023,6.5,"Eustat — Tasas de actividad, ocupación y paro por capitales, sexo y trimestre (tabla PX_050403_cpra_tab19), Donostia-San Sebastián, promedio anual"
unemployment_rate,Tasso di disoccupazione (Donostia),economy,%,2024,6.3,"Eustat — Tasas de actividad, ocupación y paro por capitales, sexo y trimestre (tabla PX_050403_cpra_tab19), Donostia-San Sebastián, promedio anual"
unemployment_rate,Tasso di disoccupazione (Donostia),economy,%,2025,5.0,"Eustat — Tasas de actividad, ocupación y paro por capitales, sexo y trimestre (tabla PX_050403_cpra_tab19), Donostia-San Sebastián, promedio anual"
unemployment_rate_men,Tasso di disoccupazione — uomini,economy,%,2015,12.9,"Eustat — Tasas de actividad, ocupación y paro por capitales, sexo y trimestre (tabla PX_050403_cpra_tab19), Donostia-San Sebastián, promedio anual"
unemployment_rate_men,Tasso di disoccupazione — uomini,economy,%,2016,9.3,"Eustat — Tasas de actividad, ocupación y paro por capitales, sexo y trimestre (tabla PX_050403_cpra_tab19), Donostia-San Sebastián, promedio anual"
unemployment_rate_men,Tasso di disoccupazione — uomini,economy,%,2017,6.9,"Eustat — Tasas de actividad, ocupación y paro por capitales, sexo y trimestre (tabla PX_050403_cpra_tab19), Donostia-San Sebastián, promedio anual"
unemployment_rate_men,Tasso di disoccupazione — uomini,economy,%,2018,8.0,"Eustat — Tasas de actividad, ocupación y paro por capitales, sexo y trimestre (tabla PX_050403_cpra_tab19), Donostia-San Sebastián, promedio anual"
unemployment_rate_men,Tasso di disoccupazione — uomini,economy,%,2019,6.4,"Eustat — Tasas de actividad, ocupación y paro por capitales, sexo y trimestre (tabla PX_050403_cpra_tab19), Donostia-San Sebastián, promedio anual"
unemployment_rate_men,Tasso di disoccupazione — uomini,economy,%,2020,8.7,"Eustat — Tasas de actividad, ocupación y paro por capitales, sexo y trimestre (tabla PX_050403_cpra_tab19), Donostia-San Sebastián, promedio anual"
unemployment_rate_men,Tasso di disoccupazione — uomini,economy,%,2021,7.4,"Eustat — Tasas de actividad, ocupación y paro por capitales, sexo y trimestre (tabla PX_050403_cpra_tab19), Donostia-San Sebastián, promedio anual"
unemployment_rate_men,Tasso di disoccupazione — uomini,economy,%,2022,7.0,"Eustat — Tasas de actividad, ocupación y paro por capitales, sexo y trimestre (tabla PX_050403_cpra_tab19), Donostia-San Sebastián, promedio anual"
unemployment_rate_men,Tasso di disoccupazione — uomini,economy,%,2023,7.1,"Eustat — Tasas de actividad, ocupación y paro por capitales, sexo y trimestre (tabla PX_050403_cpra_tab19), Donostia-San Sebastián, promedio anual"
unemployment_rate_men,Tasso di disoccupazione — uomini,economy,%,2024,6.5,"Eustat — Tasas de actividad, ocupación y paro por capitales, sexo y trimestre (tabla PX_050403_cpra_tab19), Donostia-San Sebastián, promedio anual"
unemployment_rate_men,Tasso di disoccupazione — uomini,economy,%,2025,5.1,"Eustat — Tasas de actividad, ocupación y paro por capitales, sexo y trimestre (tabla PX_050403_cpra_tab19), Donostia-San Sebastián, promedio anual"
unemployment_rate_women,Tasso di disoccupazione — donne,economy,%,2015,11.0,"Eustat — Tasas de actividad, ocupación y paro por capitales, sexo y trimestre (tabla PX_050403_cpra_tab19), Donostia-San Sebastián, promedio anual"
unemployment_rate_women,Tasso di disoccupazione — donne,economy,%,2016,9.3,"Eustat — Tasas de actividad, ocupación y paro por capitales, sexo y trimestre (tabla PX_050403_cpra_tab19), Donostia-San Sebastián, promedio anual"
unemployment_rate_women,Tasso di disoccupazione — donne,economy,%,2017,8.8,"Eustat — Tasas de actividad, ocupación y paro por capitales, sexo y trimestre (tabla PX_050403_cpra_tab19), Donostia-San Sebastián, promedio anual"
unemployment_rate_women,Tasso di disoccupazione — donne,economy,%,2018,8.2,"Eustat — Tasas de actividad, ocupación y paro por capitales, sexo y trimestre (tabla PX_050403_cpra_tab19), Donostia-San Sebastián, promedio anual"
unemployment_rate_women,Tasso di disoccupazione — donne,economy,%,2019,6.6,"Eustat — Tasas de actividad, ocupación y paro por capitales, sexo y trimestre (tabla PX_050403_cpra_tab19), Donostia-San Sebastián, promedio anual"
unemployment_rate_women,Tasso di disoccupazione — donne,economy,%,2020,9.5,"Eustat — Tasas de actividad, ocupación y paro por capitales, sexo y trimestre (tabla PX_050403_cpra_tab19), Donostia-San Sebastián, promedio anual"
unemployment_rate_women,Tasso di disoccupazione — donne,economy,%,2021,9.5,"Eustat — Tasas de actividad, ocupación y paro por capitales, sexo y trimestre (tabla PX_050403_cpra_tab19), Donostia-San Sebastián, promedio anual"
unemployment_rate_women,Tasso di disoccupazione — donne,economy,%,2022,6.3,"Eustat — Tasas de actividad, ocupación y paro por capitales, sexo y trimestre (tabla PX_050403_cpra_tab19), Donostia-San Sebastián, promedio anual"
unemployment_rate_women,Tasso di disoccupazione — donne,economy,%,2023,5.9,"Eustat — Tasas de actividad, ocupación y paro por capitales, sexo y trimestre (tabla PX_050403_cpra_tab19), Donostia-San Sebastián, promedio anual"
unemployment_rate_women,Tasso di disoccupazione — donne,economy,%,2024,6.0,"Eustat — Tasas de actividad, ocupación y paro por capitales, sexo y trimestre (tabla PX_050403_cpra_tab19), Donostia-San Sebastián, promedio anual"
unemployment_rate_women,Tasso di disoccupazione — donne,economy,%,2025,5.0,"Eustat — Tasas de actividad, ocupación y paro por capitales, sexo y trimestre (tabla PX_050403_cpra_tab19), Donostia-San Sebastián, promedio anual"
vut_licenses_cumulative,Licenze turistiche VUT/HUT cumulate (REATE),tourism,licenze,2016,175.0,"Gobierno Vasco / Open Data Euskadi — registro REATE de viviendas y habitaciones de uso turístico (snapshot vivo: solo altas supervivientes, las bajas no se publican)"
vut_licenses_cumulative,Licenze turistiche VUT/HUT cumulate (REATE),tourism,licenze,2017,475.0,"Gobierno Vasco / Open Data Euskadi — registro REATE de viviendas y habitaciones de uso turístico (snapshot vivo: solo altas supervivientes, las bajas no se publican)"
vut_licenses_cumulative,Licenze turistiche VUT/HUT cumulate (REATE),tourism,licenze,2018,664.0,"Gobierno Vasco / Open Data Euskadi — registro REATE de viviendas y habitaciones de uso turístico (snapshot vivo: solo altas supervivientes, las bajas no se publican)"
vut_licenses_cumulative,Licenze turistiche VUT/HUT cumulate (REATE),tourism,licenze,2019,901.0,"Gobierno Vasco / Open Data Euskadi — registro REATE de viviendas y habitaciones de uso turístico (snapshot vivo: solo altas supervivientes, las bajas no se publican)"
vut_licenses_cumulative,Licenze turistiche VUT/HUT cumulate (REATE),tourism,licenze,2020,988.0,"Gobierno Vasco / Open Data Euskadi — registro REATE de viviendas y habitaciones de uso turístico (snapshot vivo: solo altas supervivientes, las bajas no se publican)"
vut_licenses_cumulative,Licenze turistiche VUT/HUT cumulate (REATE),tourism,licenze,2021,1044.0,"Gobierno Vasco / Open Data Euskadi — registro REATE de viviendas y habitaciones de uso turístico (snapshot vivo: solo altas supervivientes, las bajas no se publican)"
vut_licenses_cumulative,Licenze turistiche VUT/HUT cumulate (REATE),tourism,licenze,2022,1143.0,"Gobierno Vasco / Open Data Euskadi — registro REATE de viviendas y habitaciones de uso turístico (snapshot vivo: solo altas supervivientes, las bajas no se publican)"
vut_licenses_cumulative,Licenze turistiche VUT/HUT cumulate (REATE),tourism,licenze,2023,1268.0,"Gobierno Vasco / Open Data Euskadi — registro REATE de viviendas y habitaciones de uso turístico (snapshot vivo: solo altas supervivientes, las bajas no se publican)"
vut_licenses_cumulative,Licenze turistiche VUT/HUT cumulate (REATE),tourism,licenze,2024,1311.0,"Gobierno Vasco / Open Data Euskadi — registro REATE de viviendas y habitaciones de uso turístico (snapshot vivo: solo altas supervivientes, las bajas no se publican)"
vut_licenses_cumulative,Licenze turistiche VUT/HUT cumulate (REATE),tourism,licenze,2025,1329.0,"Gobierno Vasco / Open Data Euskadi — registro REATE de viviendas y habitaciones de uso turístico (snapshot vivo: solo altas supervivientes, las bajas no se publican)"
vut_licenses_new,Nuove licenze turistiche VUT/HUT (REATE),tourism,licenze,2016,175.0,"Gobierno Vasco / Open Data Euskadi — registro REATE de viviendas y habitaciones de uso turístico (snapshot vivo: solo altas supervivientes, las bajas no se publican)"
vut_licenses_new,Nuove licenze turistiche VUT/HUT (REATE),tourism,licenze,2017,300.0,"Gobierno Vasco / Open Data Euskadi — registro REATE de viviendas y habitaciones de uso turístico (snapshot vivo: solo altas supervivientes, las bajas no se publican)"
vut_licenses_new,Nuove licenze turistiche VUT/HUT (REATE),tourism,licenze,2018,189.0,"Gobierno Vasco / Open Data Euskadi — registro REATE de viviendas y habitaciones de uso turístico (snapshot vivo: solo altas supervivientes, las bajas no se publican)"
vut_licenses_new,Nuove licenze turistiche VUT/HUT (REATE),tourism,licenze,2019,237.0,"Gobierno Vasco / Open Data Euskadi — registro REATE de viviendas y habitaciones de uso turístico (snapshot vivo: solo altas supervivientes, las bajas no se publican)"
vut_licenses_new,Nuove licenze turistiche VUT/HUT (REATE),tourism,licenze,2020,87.0,"Gobierno Vasco / Open Data Euskadi — registro REATE de viviendas y habitaciones de uso turístico (snapshot vivo: solo altas supervivientes, las bajas no se publican)"
vut_licenses_new,Nuove licenze turistiche VUT/HUT (REATE),tourism,licenze,2021,56.0,"Gobierno Vasco / Open Data Euskadi — registro REATE de viviendas y habitaciones de uso turístico (snapshot vivo: solo altas supervivientes, las bajas no se publican)"
vut_licenses_new,Nuove licenze turistiche VUT/HUT (REATE),tourism,licenze,2022,99.0,"Gobierno Vasco / Open Data Euskadi — registro REATE de viviendas y habitaciones de uso turístico (snapshot vivo: solo altas supervivientes, las bajas no se publican)"
vut_licenses_new,Nuove licenze turistiche VUT/HUT (REATE),tourism,licenze,2023,125.0,"Gobierno Vasco / Open Data Euskadi — registro REATE de viviendas y habitaciones de uso turístico (snapshot vivo: solo altas supervivientes, las bajas no se publican)"
vut_licenses_new,Nuove licenze turistiche VUT/HUT (REATE),tourism,licenze,2024,43.0,"Gobierno Vasco / Open Data Euskadi — registro REATE de viviendas y habitaciones de uso turístico (snapshot vivo: solo altas supervivientes, las bajas no se publican)"
vut_licenses_new,Nuove licenze turistiche VUT/HUT (REATE),tourism,licenze,2025,18.0,"Gobierno Vasco / Open Data Euskadi — registro REATE de viviendas y habitaciones de uso turístico (snapshot vivo: solo altas supervivientes, las bajas no se publican)"
vut_plazas_cumulative,Posti letto turistici legali cumulati (REATE),tourism,posti letto,2016,718.0,"Gobierno Vasco / Open Data Euskadi — registro REATE de viviendas y habitaciones de uso turístico (snapshot vivo: solo altas supervivientes, las bajas no se publican)"
vut_plazas_cumulative,Posti letto turistici legali cumulati (REATE),tourism,posti letto,2017,2003.0,"Gobierno Vasco / Open Data Euskadi — registro REATE de viviendas y habitaciones de uso turístico (snapshot vivo: solo altas supervivientes, las bajas no se publican)"
vut_plazas_cumulative,Posti letto turistici legali cumulati (REATE),tourism,posti letto,2018,2852.0,"Gobierno Vasco / Open Data Euskadi — registro REATE de viviendas y habitaciones de uso turístico (snapshot vivo: solo altas supervivientes, las bajas no se publican)"
vut_plazas_cumulative,Posti letto turistici legali cumulati (REATE),tourism,posti letto,2019,3889.0,"Gobierno Vasco / Open Data Euskadi — registro REATE de viviendas y habitaciones de uso turístico (snapshot vivo: solo altas supervivientes, las bajas no se publican)"
vut_plazas_cumulative,Posti letto turistici legali cumulati (REATE),tourism,posti letto,2020,4263.0,"Gobierno Vasco / Open Data Euskadi — registro REATE de viviendas y habitaciones de uso turístico (snapshot vivo: solo altas supervivientes, las bajas no se publican)"
vut_plazas_cumulative,Posti letto turistici legali cumulati (REATE),tourism,posti letto,2021,4508.0,"Gobierno Vasco / Open Data Euskadi — registro REATE de viviendas y habitaciones de uso turístico (snapshot vivo: solo altas supervivientes, las bajas no se publican)"
vut_plazas_cumulative,Posti letto turistici legali cumulati (REATE),tourism,posti letto,2022,4908.0,"Gobierno Vasco / Open Data Euskadi — registro REATE de viviendas y habitaciones de uso turístico (snapshot vivo: solo altas supervivientes, las bajas no se publican)"
vut_plazas_cumulative,Posti letto turistici legali cumulati (REATE),tourism,posti letto,2023,5440.0,"Gobierno Vasco / Open Data Euskadi — registro REATE de viviendas y habitaciones de uso turístico (snapshot vivo: solo altas supervivientes, las bajas no se publican)"
vut_plazas_cumulative,Posti letto turistici legali cumulati (REATE),tourism,posti letto,2024,5630.0,"Gobierno Vasco / Open Data Euskadi — registro REATE de viviendas y habitaciones de uso turístico (snapshot vivo: solo altas supervivientes, las bajas no se publican)"
vut_plazas_cumulative,Posti letto turistici legali cumulati (REATE),tourism,posti letto,2025,5706.0,"Gobierno Vasco / Open Data Euskadi — registro REATE de viviendas y habitaciones de uso turístico (snapshot vivo: solo altas supervivientes, las bajas no se publican)"
